=== AppleBench weekly 2026-05-19 (constrained: vllm_metal llamacpp mlx_lm omlx) ===
start 2026-05-19T06:20:24Z
vllm-metal: main@5efb33c + PR#383 (merge 5ca6589)

=== update_llamacpp.sh start 2026-05-19T06:20:52Z ===
=== Updating llama.cpp ===
From https://github.com/ggerganov/llama.cpp
   8635e221c..9a532ae4b  master                  -> origin/master
 + cf0ebc4e6...5fa97b125 0cc4m/server-memory-limit -> origin/0cc4m/server-memory-limit  (forced update)
 + d5344395d...033e652e9 0cc4m/vulkan-device-cpy-benchmark -> origin/0cc4m/vulkan-device-cpy-benchmark  (forced update)
 + df488da9a...938872e93 0cc4m/vulkan-repack     -> origin/0cc4m/vulkan-repack  (forced update)
 * [new branch]          cisc/ci-server-kleidiai-dependencies -> origin/cisc/ci-server-kleidiai-dependencies
 * [new branch]          cisc/convert-lora-filter-tensors -> origin/cisc/convert-lora-filter-tensors
 + ac735691d...e78392f41 cross-profiler          -> origin/cross-profiler  (forced update)
 * [new branch]          gg/arg-silence-warnings -> origin/gg/arg-silence-warnings
 * [new branch]          gg/download-prefer-q8   -> origin/gg/download-prefer-q8
 * [new branch]          gg/llama-eval-add-per-task-stats -> origin/gg/llama-eval-add-per-task-stats
 * [new branch]          gg/llama-extract-embeddings -> origin/gg/llama-extract-embeddings
 * [new branch]          gg/metal-gdn-partial-rollback -> origin/gg/metal-gdn-partial-rollback
 * [new branch]          gg/metal-implement-async-2d -> origin/gg/metal-implement-async-2d
 * [new branch]          gg/mtp-graphs-improve   -> origin/gg/mtp-graphs-improve
 * [new branch]          gg/pi-gh-tool-rule      -> origin/gg/pi-gh-tool-rule
 * [new branch]          gg/server-fix-caches    -> origin/gg/server-fix-caches
 * [new branch]          gg/server-print-graphs-reused -> origin/gg/server-print-graphs-reused
 * [new branch]          gg/spec-ckpt-test       -> origin/gg/spec-ckpt-test
 * [new branch]          gg/spec-mtp-experiments -> origin/gg/spec-mtp-experiments
 * [new branch]          gg/spec-refactor-ctx    -> origin/gg/spec-refactor-ctx
 * [new branch]          gg/tests-save-load-refactor -> origin/gg/tests-save-load-refactor
 * [new branch]          maxk/sched-debug-use-op-desc -> origin/maxk/sched-debug-use-op-desc
 * [new branch]          pr/18039-gg             -> origin/pr/18039-gg
 * [new branch]          pr/22340-gg             -> origin/pr/22340-gg
 * [new branch]          sync-ggml-26-05-02      -> origin/sync-ggml-26-05-02
 * [new branch]          xsn/download_no_exit_error -> origin/xsn/download_no_exit_error
 * [new branch]          xsn/vertexai            -> origin/xsn/vertexai
 * [new tag]             b8901                   -> b8901
 * [new tag]             b9222                   -> b9222
 * [new tag]             b8902                   -> b8902
 * [new tag]             b8905                   -> b8905
 * [new tag]             b8906                   -> b8906
 * [new tag]             b8907                   -> b8907
 * [new tag]             b8908                   -> b8908
 * [new tag]             b8909                   -> b8909
 * [new tag]             b8911                   -> b8911
 * [new tag]             b8912                   -> b8912
 * [new tag]             b8913                   -> b8913
 * [new tag]             b8914                   -> b8914
 * [new tag]             b8916                   -> b8916
 * [new tag]             b8917                   -> b8917
 * [new tag]             b8918                   -> b8918
 * [new tag]             b8919                   -> b8919
 * [new tag]             b8920                   -> b8920
 * [new tag]             b8922                   -> b8922
 * [new tag]             b8924                   -> b8924
 * [new tag]             b8925                   -> b8925
 * [new tag]             b8926                   -> b8926
 * [new tag]             b8927                   -> b8927
 * [new tag]             b8929                   -> b8929
 * [new tag]             b8931                   -> b8931
 * [new tag]             b8933                   -> b8933
 * [new tag]             b8934                   -> b8934
 * [new tag]             b8935                   -> b8935
 * [new tag]             b8936                   -> b8936
 * [new tag]             b8937                   -> b8937
 * [new tag]             b8940                   -> b8940
 * [new tag]             b8941                   -> b8941
 * [new tag]             b8943                   -> b8943
 * [new tag]             b8944                   -> b8944
 * [new tag]             b8946                   -> b8946
 * [new tag]             b8947                   -> b8947
 * [new tag]             b8948                   -> b8948
 * [new tag]             b8949                   -> b8949
 * [new tag]             b8950                   -> b8950
 * [new tag]             b8951                   -> b8951
 * [new tag]             b8952                   -> b8952
 * [new tag]             b8953                   -> b8953
 * [new tag]             b8954                   -> b8954
 * [new tag]             b8955                   -> b8955
 * [new tag]             b8956                   -> b8956
 * [new tag]             b8957                   -> b8957
 * [new tag]             b8958                   -> b8958
 * [new tag]             b8960                   -> b8960
 * [new tag]             b8962                   -> b8962
 * [new tag]             b8963                   -> b8963
 * [new tag]             b8964                   -> b8964
 * [new tag]             b8966                   -> b8966
 * [new tag]             b8967                   -> b8967
 * [new tag]             b8968                   -> b8968
 * [new tag]             b8969                   -> b8969
 * [new tag]             b8970                   -> b8970
 * [new tag]             b8971                   -> b8971
 * [new tag]             b8972                   -> b8972
 * [new tag]             b8973                   -> b8973
 * [new tag]             b8974                   -> b8974
 * [new tag]             b8977                   -> b8977
 * [new tag]             b8978                   -> b8978
 * [new tag]             b8979                   -> b8979
 * [new tag]             b8980                   -> b8980
 * [new tag]             b8981                   -> b8981
 * [new tag]             b8982                   -> b8982
 * [new tag]             b8983                   -> b8983
 * [new tag]             b8984                   -> b8984
 * [new tag]             b8986                   -> b8986
 * [new tag]             b8987                   -> b8987
 * [new tag]             b8989                   -> b8989
 * [new tag]             b8990                   -> b8990
 * [new tag]             b8991                   -> b8991
 * [new tag]             b8992                   -> b8992
 * [new tag]             b8994                   -> b8994
 * [new tag]             b8995                   -> b8995
 * [new tag]             b8996                   -> b8996
 * [new tag]             b8998                   -> b8998
 * [new tag]             b8999                   -> b8999
 * [new tag]             b9000                   -> b9000
 * [new tag]             b9002                   -> b9002
 * [new tag]             b9004                   -> b9004
 * [new tag]             b9006                   -> b9006
 * [new tag]             b9008                   -> b9008
 * [new tag]             b9009                   -> b9009
 * [new tag]             b9010                   -> b9010
 * [new tag]             b9012                   -> b9012
 * [new tag]             b9014                   -> b9014
 * [new tag]             b9015                   -> b9015
 * [new tag]             b9016                   -> b9016
 * [new tag]             b9018                   -> b9018
 * [new tag]             b9019                   -> b9019
 * [new tag]             b9020                   -> b9020
 * [new tag]             b9022                   -> b9022
 * [new tag]             b9023                   -> b9023
 * [new tag]             b9025                   -> b9025
 * [new tag]             b9026                   -> b9026
 * [new tag]             b9028                   -> b9028
 * [new tag]             b9029                   -> b9029
 * [new tag]             b9030                   -> b9030
 * [new tag]             b9031                   -> b9031
 * [new tag]             b9033                   -> b9033
 * [new tag]             b9037                   -> b9037
 * [new tag]             b9038                   -> b9038
 * [new tag]             b9041                   -> b9041
 * [new tag]             b9045                   -> b9045
 * [new tag]             b9047                   -> b9047
 * [new tag]             b9048                   -> b9048
 * [new tag]             b9049                   -> b9049
 * [new tag]             b9050                   -> b9050
 * [new tag]             b9055                   -> b9055
 * [new tag]             b9056                   -> b9056
 * [new tag]             b9057                   -> b9057
 * [new tag]             b9058                   -> b9058
 * [new tag]             b9060                   -> b9060
 * [new tag]             b9061                   -> b9061
 * [new tag]             b9062                   -> b9062
 * [new tag]             b9063                   -> b9063
 * [new tag]             b9064                   -> b9064
 * [new tag]             b9066                   -> b9066
 * [new tag]             b9070                   -> b9070
 * [new tag]             b9071                   -> b9071
 * [new tag]             b9072                   -> b9072
 * [new tag]             b9073                   -> b9073
 * [new tag]             b9075                   -> b9075
 * [new tag]             b9076                   -> b9076
 * [new tag]             b9077                   -> b9077
 * [new tag]             b9079                   -> b9079
 * [new tag]             b9080                   -> b9080
 * [new tag]             b9081                   -> b9081
 * [new tag]             b9082                   -> b9082
 * [new tag]             b9084                   -> b9084
 * [new tag]             b9085                   -> b9085
 * [new tag]             b9087                   -> b9087
 * [new tag]             b9088                   -> b9088
 * [new tag]             b9089                   -> b9089
 * [new tag]             b9090                   -> b9090
 * [new tag]             b9093                   -> b9093
 * [new tag]             b9094                   -> b9094
 * [new tag]             b9095                   -> b9095
 * [new tag]             b9097                   -> b9097
 * [new tag]             b9099                   -> b9099
 * [new tag]             b9100                   -> b9100
 * [new tag]             b9101                   -> b9101
 * [new tag]             b9102                   -> b9102
 * [new tag]             b9103                   -> b9103
 * [new tag]             b9105                   -> b9105
 * [new tag]             b9106                   -> b9106
 * [new tag]             b9109                   -> b9109
 * [new tag]             b9110                   -> b9110
 * [new tag]             b9112                   -> b9112
 * [new tag]             b9113                   -> b9113
 * [new tag]             b9114                   -> b9114
 * [new tag]             b9115                   -> b9115
 * [new tag]             b9116                   -> b9116
 * [new tag]             b9118                   -> b9118
 * [new tag]             b9119                   -> b9119
 * [new tag]             b9122                   -> b9122
 * [new tag]             b9123                   -> b9123
 * [new tag]             b9124                   -> b9124
 * [new tag]             b9127                   -> b9127
 * [new tag]             b9128                   -> b9128
 * [new tag]             b9129                   -> b9129
 * [new tag]             b9131                   -> b9131
 * [new tag]             b9133                   -> b9133
 * [new tag]             b9134                   -> b9134
 * [new tag]             b9139                   -> b9139
 * [new tag]             b9140                   -> b9140
 * [new tag]             b9141                   -> b9141
 * [new tag]             b9142                   -> b9142
 * [new tag]             b9143                   -> b9143
 * [new tag]             b9144                   -> b9144
 * [new tag]             b9145                   -> b9145
 * [new tag]             b9148                   -> b9148
 * [new tag]             b9150                   -> b9150
 * [new tag]             b9151                   -> b9151
 * [new tag]             b9156                   -> b9156
 * [new tag]             b9158                   -> b9158
 * [new tag]             b9159                   -> b9159
 * [new tag]             b9161                   -> b9161
 * [new tag]             b9163                   -> b9163
 * [new tag]             b9165                   -> b9165
 * [new tag]             b9169                   -> b9169
 * [new tag]             b9172                   -> b9172
 * [new tag]             b9173                   -> b9173
 * [new tag]             b9174                   -> b9174
 * [new tag]             b9180                   -> b9180
 * [new tag]             b9181                   -> b9181
 * [new tag]             b9186                   -> b9186
 * [new tag]             b9189                   -> b9189
 * [new tag]             b9190                   -> b9190
 * [new tag]             b9191                   -> b9191
 * [new tag]             b9192                   -> b9192
 * [new tag]             b9193                   -> b9193
 * [new tag]             b9194                   -> b9194
 * [new tag]             b9196                   -> b9196
 * [new tag]             b9197                   -> b9197
 * [new tag]             b9198                   -> b9198
 * [new tag]             b9200                   -> b9200
 * [new tag]             b9202                   -> b9202
 * [new tag]             b9203                   -> b9203
 * [new tag]             b9204                   -> b9204
 * [new tag]             b9208                   -> b9208
 * [new tag]             b9209                   -> b9209
 * [new tag]             b9213                   -> b9213
 * [new tag]             b9216                   -> b9216
 * [new tag]             b9219                   -> b9219
 * [new tag]             b9221                   -> b9221
 * [new tag]             gguf-v0.19.0            -> gguf-v0.19.0
Updating 8635e221c..9a532ae4b
Fast-forward
 .devops/cann.Dockerfile                            |    16 +
 .devops/cpu.Dockerfile                             |    16 +
 .devops/cuda.Dockerfile                            |    17 +
 .devops/intel.Dockerfile                           |    36 +-
 .devops/llama-cli-cann.Dockerfile                  |    17 +
 .devops/musa.Dockerfile                            |    17 +
 .devops/nix/package.nix                            |     2 +-
 .devops/openvino.Dockerfile                        |    16 +
 .devops/rocm.Dockerfile                            |    17 +
 .devops/s390x.Dockerfile                           |    16 +
 .devops/vulkan.Dockerfile                          |    16 +
 .editorconfig                                      |    10 +-
 .gitattributes                                     |     4 -
 .github/ISSUE_TEMPLATE/010-bug-compilation.yml     |     2 +
 .github/ISSUE_TEMPLATE/011-bug-results.yml         |     4 +-
 .github/ISSUE_TEMPLATE/019-bug-misc.yml            |     2 +
 .github/ISSUE_TEMPLATE/020-enhancement.yml         |     2 +
 .github/ISSUE_TEMPLATE/030-research.yml            |     2 +
 .github/ISSUE_TEMPLATE/040-refactor.yml            |     2 +
 .github/labeler.yml                                |     5 +-
 .github/pull_request_template.md                   |     2 +-
 .github/workflows/build-and-test-snapdragon.yml    |   148 +
 .github/workflows/build-android.yml                |    49 +-
 .github/workflows/build-cross.yml                  |     5 +-
 .github/workflows/build-self-hosted.yml            |    93 +-
 .github/workflows/build-sycl.yml                   |    18 +
 .github/workflows/build-virtgpu.yml                |    50 +
 .github/workflows/build.yml                        |     3 +-
 .github/workflows/code-style.yml                   |    51 +
 .github/workflows/docker.yml                       |    83 +-
 .github/workflows/editorconfig.yml                 |     5 -
 .github/workflows/gguf-publish.yml                 |     2 +-
 .github/workflows/python-type-check.yml            |     2 +-
 .github/workflows/release.yml                      |   161 +-
 .github/workflows/server-sanitize.yml              |     7 +
 .github/workflows/server-self-hosted.yml           |    45 +
 .github/workflows/server.yml                       |    12 +
 .github/workflows/ui-build.yml                     |    44 +
 .github/workflows/{server-webui.yml => ui-ci.yml}  |   100 +-
 .github/workflows/ui-publish.yml                   |    70 +
 .gitignore                                         |    21 +-
 .pi/gg/SYSTEM.md                                   |    34 +
 CMakeLists.txt                                     |    37 +-
 CODEOWNERS                                         |    15 +-
 CONTRIBUTING.md                                    |     4 +-
 README.md                                          |     2 +
 ci/run.sh                                          |     6 +
 cmake/llama-config.cmake.in                        |     2 +-
 cmake/riscv64-spacemit-linux-gnu-gcc.cmake         |     4 +-
 common/arg.cpp                                     |   777 +-
 common/arg.h                                       |     9 +-
 common/chat-auto-parser-generator.cpp              |    54 +-
 common/chat-auto-parser.h                          |    15 +-
 common/chat-diff-analyzer.cpp                      |    16 +-
 common/chat-peg-parser.cpp                         |    58 +-
 common/chat-peg-parser.h                           |     5 +-
 common/chat.cpp                                    |   300 +-
 common/chat.h                                      |    40 +-
 common/common.cpp                                  |   200 +-
 common/common.h                                    |   182 +-
 common/debug.cpp                                   |    57 +-
 common/debug.h                                     |    50 +-
 common/download.cpp                                |    61 +-
 common/download.h                                  |     7 +-
 common/fit.cpp                                     |   112 +-
 common/hf-cache.cpp                                |   276 +-
 common/hf-cache.h                                  |     4 -
 common/jinja/caps.cpp                              |     1 -
 common/jinja/runtime.h                             |    16 +-
 common/jinja/value.cpp                             |    22 +-
 common/jinja/value.h                               |    39 +-
 common/log.cpp                                     |    23 +-
 common/log.h                                       |    13 +-
 common/ngram-map.cpp                               |     4 +-
 common/preset.cpp                                  |     9 +-
 common/preset.h                                    |     3 +-
 common/reasoning-budget.cpp                        |    63 +-
 common/reasoning-budget.h                          |    17 +-
 common/sampling.cpp                                |    73 +-
 common/sampling.h                                  |     4 +-
 common/speculative.cpp                             |  1514 +-
 common/speculative.h                               |    58 +-
 conversion/__init__.py                             |   333 +
 conversion/afmoe.py                                |    79 +
 conversion/arctic.py                               |   162 +
 conversion/baichuan.py                             |    59 +
 conversion/bailingmoe.py                           |   216 +
 conversion/base.py                                 |  2474 ++++
 conversion/bert.py                                 |   616 +
 conversion/bitnet.py                               |    49 +
 conversion/bloom.py                                |    67 +
 conversion/chameleon.py                            |    58 +
 conversion/chatglm.py                              |   167 +
 conversion/codeshell.py                            |    21 +
 conversion/cogvlm.py                               |    33 +
 conversion/command_r.py                            |    57 +
 conversion/dbrx.py                                 |    75 +
 conversion/deci.py                                 |   184 +
 conversion/deepseek.py                             |   388 +
 conversion/dots1.py                                |    32 +
 conversion/dotsocr.py                              |    48 +
 conversion/dream.py                                |    72 +
 conversion/ernie.py                                |   200 +
 conversion/exaone.py                               |   210 +
 conversion/falcon.py                               |    58 +
 conversion/falcon_h1.py                            |   118 +
 conversion/gemma.py                                |   840 ++
 conversion/glm.py                                  |   259 +
 conversion/gpt2.py                                 |    78 +
 conversion/gpt_oss.py                              |   130 +
 conversion/gptneox.py                              |    63 +
 conversion/granite.py                              |   328 +
 conversion/grok.py                                 |   116 +
 conversion/grovemoe.py                             |   108 +
 conversion/hunyuan.py                              |   407 +
 conversion/internlm.py                             |   232 +
 conversion/internvl.py                             |    98 +
 conversion/jais.py                                 |   104 +
 conversion/jamba.py                                |   119 +
 conversion/januspro.py                             |   116 +
 conversion/kimi_linear.py                          |   223 +
 conversion/kimivl.py                               |   154 +
 conversion/lfm2.py                                 |   256 +
 conversion/lighton_ocr.py                          |    29 +
 conversion/llada.py                                |   172 +
 conversion/llama.py                                |   312 +
 conversion/llama4.py                               |    38 +
 conversion/llava.py                                |   129 +
 conversion/maincoder.py                            |    14 +
 conversion/mamba.py                                |   199 +
 conversion/mimo.py                                 |   295 +
 conversion/minicpm.py                              |   184 +
 conversion/minimax.py                              |    54 +
 conversion/mistral.py                              |   201 +
 conversion/mistral3.py                             |    67 +
 conversion/mpt.py                                  |    49 +
 conversion/nemotron.py                             |   384 +
 conversion/olmo.py                                 |   120 +
 conversion/openelm.py                              |    83 +
 conversion/orion.py                                |    37 +
 conversion/pangu.py                                |    46 +
 conversion/phi.py                                  |   390 +
 conversion/pixtral.py                              |    41 +
 conversion/plamo.py                                |   195 +
 conversion/plm.py                                  |    23 +
 conversion/qwen.py                                 |   628 +
 conversion/qwen3vl.py                              |   360 +
 conversion/qwenvl.py                               |   200 +
 conversion/refact.py                               |    68 +
 conversion/rwkv.py                                 |   302 +
 conversion/sarashina2.py                           |    32 +
 conversion/smallthinker.py                         |    82 +
 conversion/smolvlm.py                              |    47 +
 conversion/stablelm.py                             |    98 +
 conversion/starcoder.py                            |    23 +
 conversion/step3.py                                |   231 +
 conversion/t5.py                                   |   286 +
 conversion/ultravox.py                             |   203 +
 conversion/wavtokenizer.py                         |    45 +
 conversion/xverse.py                               |    90 +
 conversion/youtuvl.py                              |    64 +
 convert_hf_to_gguf.py                              | 13413 +----------------
 convert_hf_to_gguf_update.py                       |     6 +-
 convert_lora_to_gguf.py                            |    32 +-
 docs/backend/OPENVINO.md                           |    27 +-
 docs/backend/SYCL.md                               |    34 +-
 docs/backend/snapdragon/README.md                  |    19 +-
 docs/build-riscv64-spacemit.md                     |    86 +-
 docs/multi-gpu.md                                  |   127 +
 docs/multimodal/minicpmv4.6.md                     |    49 +
 docs/ops.md                                        |    25 +-
 docs/ops/SYCL.csv                                  | 14557 +++++++++++--------
 docs/ops/WebGPU.csv                                | 13484 ++++++++++-------
 docs/speculative.md                                |   129 +-
 examples/debug/debug.cpp                           |    14 +-
 examples/diffusion/CMakeLists.txt                  |     7 +-
 examples/diffusion/README.md                       |    10 +-
 examples/diffusion/diffusion-cli.cpp               |   462 +-
 examples/diffusion/diffusion.cpp                   |   408 +
 examples/diffusion/diffusion.h                     |    57 +
 examples/eval-callback/eval-callback.cpp           |     5 +-
 examples/gen-docs/gen-docs.cpp                     |     8 +-
 examples/llama-eval/README.md                      |    26 +
 examples/llama-eval/llama-eval.py                  |  1472 ++
 examples/llama-eval/llama-server-simulator.py      |   317 +
 examples/llama-eval/test-simulator.sh              |    86 +
 examples/lookup/lookup-create.cpp                  |     4 +-
 examples/lookup/lookup-stats.cpp                   |    12 +-
 examples/lookup/lookup.cpp                         |    14 +-
 examples/model-conversion/Makefile                 |     4 +
 .../scripts/causal/convert-model.sh                |    11 +-
 examples/save-load-state/save-load-state.cpp       |    82 +
 examples/speculative-simple/README.md              |     6 +-
 examples/speculative-simple/speculative-simple.cpp |   155 +-
 examples/speculative/speculative.cpp               |    47 +-
 examples/sycl/start-svr.sh                         |   123 +
 examples/sycl/test.sh                              |    10 +-
 examples/sycl/win-start-svr.bat                    |   178 +
 examples/sycl/win-test.bat                         |   201 +-
 flake.lock                                         |    58 -
 ggml/CMakeLists.txt                                |     5 +-
 ggml/include/ggml-backend.h                        |     2 +-
 ggml/include/ggml.h                                |    16 +
 ggml/src/CMakeLists.txt                            |     9 +-
 ggml/src/ggml-backend-meta.cpp                     |    92 +-
 ggml/src/ggml-backend-reg.cpp                      |    12 +
 ggml/src/ggml-backend.cpp                          |     2 +-
 ggml/src/ggml-blas/ggml-blas.cpp                   |     4 +-
 ggml/src/ggml-cann/aclnn_ops.cpp                   |   768 +-
 ggml/src/ggml-cann/aclnn_ops.h                     |    56 +
 ggml/src/ggml-cann/ggml-cann.cpp                   |    68 +-
 ggml/src/ggml-cpu/CMakeLists.txt                   |    28 +-
 ggml/src/ggml-cpu/amx/mmq.cpp                      |    32 +-
 ggml/src/ggml-cpu/arch-fallback.h                  |     1 -
 ggml/src/ggml-cpu/arch/arm/repack.cpp              |    65 +
 ggml/src/ggml-cpu/arch/riscv/quants.c              |    98 +
 ggml/src/ggml-cpu/arch/x86/quants.c                |    46 +-
 ggml/src/ggml-cpu/cmake/FindSMTIME.cmake           |    32 +
 ggml/src/ggml-cpu/ggml-cpu.c                       |    75 +-
 ggml/src/ggml-cpu/ggml-cpu.cpp                     |     2 +-
 ggml/src/ggml-cpu/llamafile/sgemm.cpp              |     9 +-
 ggml/src/ggml-cpu/ops.cpp                          |   209 +-
 ggml/src/ggml-cpu/ops.h                            |     2 +
 ggml/src/ggml-cpu/spacemit/ime.cpp                 |  2089 ++-
 ggml/src/ggml-cpu/spacemit/ime.h                   |     8 +
 ggml/src/ggml-cpu/spacemit/ime1_kernels.cpp        |  3363 +----
 ggml/src/ggml-cpu/spacemit/ime2_kernels.cpp        |  5768 ++++++++
 ggml/src/ggml-cpu/spacemit/ime_env.cpp             |   320 +
 ggml/src/ggml-cpu/spacemit/ime_env.h               |    55 +
 ggml/src/ggml-cpu/spacemit/ime_kernels.h           |   201 +-
 ggml/src/ggml-cpu/spacemit/repack.cpp              |  1795 +++
 ggml/src/ggml-cpu/spacemit/repack.h                |    14 +
 ggml/src/ggml-cpu/spacemit/rvv_kernels.cpp         |  3178 ++++
 ggml/src/ggml-cpu/spacemit/rvv_kernels.h           |    95 +
 ggml/src/ggml-cpu/spacemit/spine_barrier.h         |    34 +
 ggml/src/ggml-cpu/spacemit/spine_mem_pool.cpp      |   760 +
 ggml/src/ggml-cpu/spacemit/spine_mem_pool.h        |    32 +
 ggml/src/ggml-cpu/spacemit/spine_tcm.h             |   409 +
 ggml/src/ggml-cpu/vec.h                            |    19 +-
 ggml/src/ggml-cuda/allreduce.cu                    |   971 ++
 ggml/src/ggml-cuda/allreduce.cuh                   |    29 +
 ggml/src/ggml-cuda/argsort.cu                      |     1 +
 ggml/src/ggml-cuda/common.cuh                      |    12 +
 ggml/src/ggml-cuda/concat.cu                       |   141 +-
 ggml/src/ggml-cuda/fattn-mma-f16.cuh               |   339 +-
 ggml/src/ggml-cuda/fattn-tile.cu                   |     8 +
 ggml/src/ggml-cuda/fattn-tile.cuh                  |    90 +-
 ggml/src/ggml-cuda/fattn.cu                        |   110 +-
 ggml/src/ggml-cuda/gated_delta_net.cu              |    88 +-
 ggml/src/ggml-cuda/getrows.cu                      |    30 +-
 ggml/src/ggml-cuda/ggml-cuda.cu                    |  1068 +-
 ggml/src/ggml-cuda/im2col.cu                       |    61 +-
 ggml/src/ggml-cuda/mma.cuh                         |   183 +-
 ggml/src/ggml-cuda/mmq.cu                          |    21 +-
 ggml/src/ggml-cuda/mmq.cuh                         |   507 +-
 ggml/src/ggml-cuda/mmvq.cu                         |     3 +
 ggml/src/ggml-cuda/out-prod.cu                     |    30 +-
 ggml/src/ggml-cuda/quantize.cu                     |   148 +-
 ggml/src/ggml-cuda/quantize.cuh                    |     2 +-
 ggml/src/ggml-cuda/snake.cu                        |    72 +
 ggml/src/ggml-cuda/snake.cuh                       |     8 +
 ggml/src/ggml-cuda/ssm-conv.cu                     |    45 +-
 ggml/src/ggml-cuda/ssm-conv.cuh                    |     2 +-
 .../fattn-mma-f16-instance-ncols1_1-ncols2_16.cu   |     1 +
 .../fattn-mma-f16-instance-ncols1_1-ncols2_32.cu   |     1 +
 .../fattn-mma-f16-instance-ncols1_1-ncols2_8.cu    |     1 +
 .../fattn-mma-f16-instance-ncols1_2-ncols2_16.cu   |     1 +
 .../fattn-mma-f16-instance-ncols1_2-ncols2_32.cu   |     1 +
 .../fattn-mma-f16-instance-ncols1_2-ncols2_8.cu    |     1 +
 .../fattn-mma-f16-instance-ncols1_4-ncols2_16.cu   |     1 +
 .../fattn-mma-f16-instance-ncols1_4-ncols2_8.cu    |     1 +
 .../fattn-mma-f16-instance-ncols1_8-ncols2_8.cu    |     1 +
 .../fattn-tile-instance-dkq192-dv128.cu            |     5 +
 .../fattn-tile-instance-dkq320-dv256.cu            |     5 +
 .../template-instances/generate_cu_files.py        |    20 +-
 ggml/src/ggml-cuda/top-k.cu                        |     1 +
 ggml/src/ggml-cuda/vendors/hip.h                   |     2 +
 ggml/src/ggml-cuda/vendors/musa.h                  |     2 +
 ggml/src/ggml-hexagon/CMakeLists.txt               |     3 +-
 ggml/src/ggml-hexagon/ggml-hexagon.cpp             |   786 +-
 ggml/src/ggml-hexagon/htp/CMakeLists.txt           |    10 +
 ggml/src/ggml-hexagon/htp/cmake-toolchain.cmake    |    10 +-
 ggml/src/ggml-hexagon/htp/cpy-ops.c                |    23 +
 ggml/src/ggml-hexagon/htp/flash-attn-ops.c         |    14 +-
 ggml/src/ggml-hexagon/htp/gated-delta-net-ops.c    |   955 ++
 ggml/src/ggml-hexagon/htp/hex-utils.h              |    34 +
 ggml/src/ggml-hexagon/htp/hmx-flash-attn-ops.c     |  1841 +++
 ggml/src/ggml-hexagon/htp/hmx-matmul-ops.c         |  1347 +-
 ggml/src/ggml-hexagon/htp/hmx-ops.h                |     3 +
 ggml/src/ggml-hexagon/htp/hmx-utils.h              |   190 +-
 ggml/src/ggml-hexagon/htp/htp-ctx.h                |    13 +-
 ggml/src/ggml-hexagon/htp/htp-ops.h                |    50 +-
 ggml/src/ggml-hexagon/htp/htp_iface.idl            |    12 +-
 ggml/src/ggml-hexagon/htp/hvx-base.h               |    30 +
 ggml/src/ggml-hexagon/htp/hvx-copy.h               |    37 +-
 ggml/src/ggml-hexagon/htp/hvx-exp.h                |     4 +-
 ggml/src/ggml-hexagon/htp/hvx-repl.h               |    74 +
 ggml/src/ggml-hexagon/htp/hvx-utils.h              |     1 +
 ggml/src/ggml-hexagon/htp/main.c                   |   231 +-
 ggml/src/ggml-hexagon/htp/matmul-ops.c             |    40 +-
 ggml/src/ggml-hexagon/htp/pad-ops.c                |   545 +
 ggml/src/ggml-hexagon/htp/solve-tri-ops.c          |   267 +
 ggml/src/ggml-hexagon/htp/unary-ops.c              |   324 +-
 ggml/src/ggml-hexagon/htp/vtcm-utils.h             |    16 +
 ggml/src/ggml-hexagon/libggml-htp.inf              |     2 +-
 ggml/src/ggml-metal/ggml-metal-device.cpp          |    77 +-
 ggml/src/ggml-metal/ggml-metal-device.h            |     5 +-
 ggml/src/ggml-metal/ggml-metal-device.m            |    63 +-
 ggml/src/ggml-metal/ggml-metal-impl.h              |    13 +
 ggml/src/ggml-metal/ggml-metal-ops.cpp             |     9 +-
 ggml/src/ggml-metal/ggml-metal.cpp                 |    65 +-
 ggml/src/ggml-metal/ggml-metal.metal               |   469 +-
 ggml/src/ggml-opencl/CMakeLists.txt                |    31 +-
 ggml/src/ggml-opencl/ggml-opencl.cpp               |  4005 +++--
 ggml/src/ggml-opencl/kernels/cvt.cl                |   574 +
 .../ggml-opencl/kernels/gemm_moe_mxfp4_f32_ns.cl   |   302 +
 .../ggml-opencl/kernels/gemm_moe_q4_0_f32_ns.cl    |   252 +
 .../ggml-opencl/kernels/gemm_moe_q4_1_f32_ns.cl    |   254 +
 .../ggml-opencl/kernels/gemm_moe_q5_0_f32_ns.cl    |   256 +
 .../ggml-opencl/kernels/gemm_moe_q5_1_f32_ns.cl    |   258 +
 .../kernels/gemm_noshuffle_iq4_nl_f32.cl           |   150 +
 ...mat_Ab_Bi_8x4.cl => gemm_noshuffle_q4_0_f32.cl} |     2 +-
 ..._q8_0_f32_8x4.cl => gemm_noshuffle_q8_0_f32.cl} |     2 +-
 .../ggml-opencl/kernels/gemm_xmem_f16_f32_os8.cl   |   233 +
 .../ggml-opencl/kernels/gemv_moe_mxfp4_f32_ns.cl   |   161 +
 .../ggml-opencl/kernels/gemv_moe_q4_0_f32_ns.cl    |   116 +
 .../ggml-opencl/kernels/gemv_moe_q4_1_f32_ns.cl    |   119 +
 .../ggml-opencl/kernels/gemv_moe_q5_0_f32_ns.cl    |   119 +
 .../ggml-opencl/kernels/gemv_moe_q5_1_f32_ns.cl    |   121 +
 .../kernels/gemv_noshuffle_iq4_nl_f32.cl           |   302 +
 ...uffle_general.cl => gemv_noshuffle_q4_0_f32.cl} |    10 +-
 ...oshuffle.cl => gemv_noshuffle_q4_0_f32_spec.cl} |    10 +-
 ...eral_q8_0_f32.cl => gemv_noshuffle_q8_0_f32.cl} |     0
 ggml/src/ggml-opencl/kernels/moe_reorder_b.cl      |    30 +
 ggml/src/ggml-opencl/kernels/moe_sort_by_expert.cl |    82 +
 .../ggml-opencl/kernels/mul_mm_iq4_nl_f32_l4_lm.cl |   171 +
 ggml/src/ggml-opencl/kernels/mul_mv_iq4_nl_f32.cl  |   164 +
 .../ggml-opencl/kernels/mul_mv_iq4_nl_f32_flat.cl  |   202 +
 ggml/src/ggml-rpc/ggml-rpc.cpp                     |    44 +-
 ggml/src/ggml-sycl/CMakeLists.txt                  |    49 +-
 ggml/src/ggml-sycl/common.cpp                      |    76 +-
 ggml/src/ggml-sycl/common.hpp                      |    22 +-
 ggml/src/ggml-sycl/convert.cpp                     |    29 +-
 ggml/src/ggml-sycl/cumsum.cpp                      |   148 +
 ggml/src/ggml-sycl/cumsum.hpp                      |     5 +
 ggml/src/ggml-sycl/dequantize.hpp                  |    57 +
 ggml/src/ggml-sycl/diag.cpp                        |    67 +
 ggml/src/ggml-sycl/diag.hpp                        |     5 +
 ggml/src/ggml-sycl/fattn-buffers.cpp               |    56 +
 ggml/src/ggml-sycl/fattn-buffers.hpp               |    63 +
 ggml/src/ggml-sycl/fattn-common.hpp                |     6 +-
 ggml/src/ggml-sycl/fill.cpp                        |    55 +
 ggml/src/ggml-sycl/fill.hpp                        |     5 +
 ggml/src/ggml-sycl/gated_delta_net.hpp             |     1 +
 ggml/src/ggml-sycl/getrows.cpp                     |     4 +
 ggml/src/ggml-sycl/ggml-sycl.cpp                   |   283 +-
 ggml/src/ggml-sycl/im2col.cpp                      |   442 +-
 ggml/src/ggml-sycl/im2col.hpp                      |     8 +-
 ggml/src/ggml-sycl/mmvq.cpp                        |    30 +-
 ggml/src/ggml-sycl/pad.cpp                         |    54 +-
 ggml/src/ggml-sycl/quants.hpp                      |    25 +
 ggml/src/ggml-sycl/solve_tri.cpp                   |   172 +
 ggml/src/ggml-sycl/solve_tri.hpp                   |     8 +
 ggml/src/ggml-sycl/ssm_conv.cpp                    |     7 +-
 ggml/src/ggml-sycl/ssm_scan.cpp                    |   156 +
 ggml/src/ggml-sycl/ssm_scan.hpp                    |     5 +
 ggml/src/ggml-sycl/sycl_hw.cpp                     |    72 +-
 ggml/src/ggml-sycl/sycl_hw.hpp                     |    24 +-
 ggml/src/ggml-sycl/vecdotq.hpp                     |   197 +-
 ggml/src/ggml-virtgpu/ggml-backend-device.cpp      |     2 +
 ggml/src/ggml-virtgpu/ggml-backend.cpp             |     2 +-
 ggml/src/ggml-virtgpu/virtgpu-shm.cpp              |     1 +
 ggml/src/ggml-virtgpu/virtgpu.cpp                  |     1 +
 ggml/src/ggml-virtgpu/virtgpu.h                    |     2 -
 ggml/src/ggml-vulkan/CMakeLists.txt                |     2 +
 ggml/src/ggml-vulkan/ggml-vulkan.cpp               |   946 +-
 .../ggml-vulkan/vulkan-shaders/contig_copy.comp    |     8 +-
 ggml/src/ggml-vulkan/vulkan-shaders/copy.comp      |     4 +-
 .../src/ggml-vulkan/vulkan-shaders/flash_attn.comp |   176 +-
 .../vulkan-shaders/flash_attn_base.glsl            |   216 +-
 .../ggml-vulkan/vulkan-shaders/flash_attn_cm1.comp |   160 +-
 .../ggml-vulkan/vulkan-shaders/flash_attn_cm2.comp |    79 +-
 .../vulkan-shaders/flash_attn_dequant.glsl         |   123 +
 .../vulkan-shaders/flash_attn_mmq_funcs.glsl       |   300 +-
 .../vulkan-shaders/gated_delta_net.comp            |    29 +-
 .../vulkan-shaders/mul_mat_vecq_funcs.glsl         |    23 +-
 .../ggml-vulkan/vulkan-shaders/mul_mm_funcs.glsl   |    54 +-
 .../vulkan-shaders/mul_mmq_shmem_types.glsl        |    11 +-
 .../src/ggml-vulkan/vulkan-shaders/rope_funcs.glsl |     7 +-
 .../ggml-vulkan/vulkan-shaders/rope_params.glsl    |     3 +
 ggml/src/ggml-vulkan/vulkan-shaders/ssm_conv.comp  |    12 +-
 .../vulkan-shaders/vulkan-shaders-gen.cpp          |    47 +-
 ggml/src/ggml-webgpu/ggml-webgpu-shader-lib.hpp    |  1084 +-
 ggml/src/ggml-webgpu/ggml-webgpu.cpp               |   806 +-
 ggml/src/ggml-webgpu/wgsl-shaders/add_id.wgsl      |    64 +
 ggml/src/ggml-webgpu/wgsl-shaders/binary.wgsl      |     6 +-
 .../src/ggml-webgpu/wgsl-shaders/common_decls.tmpl |     7 +
 ggml/src/ggml-webgpu/wgsl-shaders/flash_attn.wgsl  |    29 +
 .../ggml-webgpu/wgsl-shaders/flash_attn_tile.wgsl  |   351 +
 .../wgsl-shaders/flash_attn_vec_blk.wgsl           |     2 +-
 .../wgsl-shaders/flash_attn_vec_reduce.wgsl        |    10 +-
 .../wgsl-shaders/flash_attn_vec_split.wgsl         |   399 +-
 ggml/src/ggml-webgpu/wgsl-shaders/get_rows.wgsl    |    39 +
 .../ggml-webgpu/wgsl-shaders/mul_mat_decls.tmpl    |   677 +-
 .../ggml-webgpu/wgsl-shaders/mul_mat_id_vec.wgsl   |   154 +
 ggml/src/ggml-webgpu/wgsl-shaders/mul_mat_vec.wgsl |   738 +-
 .../ggml-webgpu/wgsl-shaders/mul_mat_vec_acc.tmpl  |  1433 ++
 .../src/ggml-webgpu/wgsl-shaders/rms_norm_mul.wgsl |    23 +-
 ggml/src/ggml-webgpu/wgsl-shaders/row_norm.wgsl    |    97 +-
 ggml/src/ggml-webgpu/wgsl-shaders/ssm_scan.wgsl    |   193 +
 ggml/src/ggml-webgpu/wgsl-shaders/unary.wgsl       |    49 +-
 ggml/src/ggml-webgpu/wgsl-shaders/upscale.wgsl     |   240 +
 ggml/src/ggml-zdnn/ggml-zdnn.cpp                   |     2 +-
 ggml/src/ggml-zendnn/CMakeLists.txt                |     2 +-
 ggml/src/ggml-zendnn/ggml-zendnn.cpp               |    29 +-
 ggml/src/ggml.c                                    |    67 +-
 gguf-py/gguf/constants.py                          |   166 +-
 gguf-py/gguf/gguf_writer.py                        |    27 +
 gguf-py/gguf/tensor_mapping.py                     |   154 +-
 gguf-py/pyproject.toml                             |    55 +-
 grammars/README.md                                 |     1 -
 include/llama.h                                    |    13 +
 models/ggml-vocab-qwen35.gguf                      |   Bin 0 -> 5928682 bytes
 models/ggml-vocab-qwen35.gguf.inp                  |   120 +
 models/ggml-vocab-qwen35.gguf.out                  |    50 +
 poetry.lock                                        |  1197 --
 pyproject.toml                                     |    65 +-
 scripts/jinja/jinja-tester.py                      |     3 +-
 scripts/pr2wt.sh                                   |     8 +
 scripts/server-test-function-call.py               |    32 +-
 scripts/server-test-structured.py                  |    78 +-
 scripts/snapdragon/adb/run-bench.sh                |     4 +-
 scripts/snapdragon/adb/run-cli.sh                  |    16 +-
 scripts/snapdragon/adb/run-completion.sh           |    14 +-
 scripts/snapdragon/adb/run-mtmd.sh                 |     4 +-
 scripts/snapdragon/adb/run-tool.sh                 |     4 +-
 scripts/snapdragon/ggml-hexagon-profile.py         |   188 +
 scripts/snapdragon/qdc/readme.md                   |     1 -
 scripts/snapdragon/qdc/requirements.txt            |     3 -
 scripts/snapdragon/qdc/run_qdc_jobs.py             |   684 +
 scripts/snapdragon/qdc/tests/conftest.py           |    20 +
 scripts/snapdragon/qdc/tests/linux/run_linux.sh    |   232 +
 .../snapdragon/qdc/tests/run_backend_ops_posix.py  |    51 +
 .../snapdragon/qdc/tests/run_bench_tests_posix.py  |    95 +
 scripts/snapdragon/qdc/tests/test_bench.py         |    63 -
 scripts/snapdragon/qdc/tests/utils.py              |   143 +
 scripts/snapdragon/windows/run-bench.ps1           |     6 +-
 scripts/snapdragon/windows/run-cli.ps1             |     6 +-
 scripts/snapdragon/windows/run-completion.ps1      |     6 +-
 scripts/snapdragon/windows/run-mtmd.ps1            |     6 +-
 scripts/snapdragon/windows/run-tool.ps1            |     6 +-
 scripts/sync-ggml.last                             |     2 +-
 scripts/sync_vendor.py                             |     2 +-
 scripts/ui-download.cmake                          |   223 +
 scripts/wc2wt.sh                                   |    58 +
 scripts/xxd.cmake                                  |     2 +-
 src/llama-arch.cpp                                 |    28 +-
 src/llama-arch.h                                   |     2 +
 src/llama-context.cpp                              |   547 +-
 src/llama-context.h                                |    28 +
 src/llama-cparams.h                                |     4 +
 src/llama-ext.h                                    |    16 +
 src/llama-graph.cpp                                |    13 +-
 src/llama-graph.h                                  |     3 +
 src/llama-hparams.cpp                              |     6 +
 src/llama-hparams.h                                |     4 +
 src/llama-io.cpp                                   |     9 +-
 src/llama-io.h                                     |     6 +-
 src/llama-kv-cache.cpp                             |    54 +-
 src/llama-memory-hybrid-iswa.cpp                   |     2 +
 src/llama-memory-hybrid-iswa.h                     |     1 +
 src/llama-memory-hybrid.cpp                        |     2 +
 src/llama-memory-hybrid.h                          |     1 +
 src/llama-memory-recurrent.cpp                     |   159 +-
 src/llama-memory-recurrent.h                       |     8 +
 src/llama-memory.h                                 |     3 +
 src/llama-mmap.cpp                                 |    12 +-
 src/llama-model-loader.cpp                         |    13 +-
 src/llama-model-loader.h                           |     2 +-
 src/llama-model-saver.cpp                          |     3 +
 src/llama-model.cpp                                |  9248 ++----------
 src/llama-model.h                                  |    94 +-
 src/llama-quant.cpp                                |    29 +-
 src/llama-vocab.cpp                                |    13 +
 src/llama-vocab.h                                  |     1 +
 src/llama.cpp                                      |   246 +-
 src/models/afmoe.cpp                               |   110 +-
 src/models/apertus.cpp                             |    60 +-
 src/models/arcee.cpp                               |    49 +-
 src/models/arctic.cpp                              |    57 +-
 src/models/arwkv7.cpp                              |   120 +-
 src/models/baichuan.cpp                            |    47 +-
 src/models/bailingmoe.cpp                          |    63 +-
 src/models/bailingmoe2.cpp                         |    98 +-
 src/models/bert.cpp                                |    79 +-
 src/models/bitnet.cpp                              |    49 +-
 src/models/bloom.cpp                               |    66 +-
 src/models/chameleon.cpp                           |    54 +-
 src/models/chatglm.cpp                             |    57 +-
 src/models/codeshell.cpp                           |    53 +-
 src/models/cogvlm.cpp                              |    53 +-
 src/models/{cohere2-iswa.cpp => cohere2.cpp}       |    51 +-
 src/models/command-r.cpp                           |    44 +-
 src/models/dbrx.cpp                                |    48 +-
 src/models/deci.cpp                                |    80 +-
 src/models/deepseek.cpp                            |    75 +-
 src/models/deepseek2.cpp                           |   145 +-
 src/models/deepseek2ocr.cpp                        |    82 +
 src/models/delta-net-base.cpp                      |   143 +-
 src/models/dots1.cpp                               |    74 +-
 src/models/dream.cpp                               |    52 +-
 src/models/ernie4-5-moe.cpp                        |     8 +-
 src/models/ernie4-5.cpp                            |    77 +-
 src/models/eurobert.cpp                            |    37 +-
 src/models/exaone-moe.cpp                          |   115 +-
 src/models/exaone.cpp                              |    47 +-
 src/models/exaone4.cpp                             |    72 +-
 src/models/falcon-h1.cpp                           |   113 +-
 src/models/falcon.cpp                              |    51 +-
 src/models/gemma-embedding.cpp                     |    74 +-
 src/models/gemma.cpp                               |    42 +-
 src/models/{gemma2-iswa.cpp => gemma2.cpp}         |    63 +-
 src/models/gemma3.cpp                              |    88 +-
 src/models/{gemma3n-iswa.cpp => gemma3n.cpp}       |   101 +-
 src/models/{gemma4-iswa.cpp => gemma4.cpp}         |   151 +-
 src/models/glm-dsa.cpp                             |   155 +
 src/models/glm4-moe.cpp                            |   137 +-
 src/models/glm4.cpp                                |    76 +-
 src/models/gpt2.cpp                                |    58 +-
 src/models/gptneox.cpp                             |    87 +-
 src/models/granite-hybrid.cpp                      |   139 +-
 src/models/granite-moe.cpp                         |    89 +
 src/models/granite.cpp                             |    95 +-
 src/models/grok.cpp                                |    87 +-
 src/models/grovemoe.cpp                            |    68 +-
 src/models/hunyuan-dense.cpp                       |   132 +-
 src/models/hunyuan-moe.cpp                         |    57 +-
 src/models/hunyuan-vl.cpp                          |   189 +
 src/models/internlm2.cpp                           |    41 +-
 src/models/jais.cpp                                |    56 +-
 src/models/jais2.cpp                               |    59 +-
 src/models/jamba.cpp                               |   109 +-
 src/models/jina-bert-v2.cpp                        |    66 +
 src/models/jina-bert-v3.cpp                        |    69 +
 src/models/kimi-linear.cpp                         |   172 +-
 src/models/lfm2.cpp                                |    94 +-
 src/models/lfm2moe.cpp                             |    85 +
 src/models/llada-moe.cpp                           |    54 +-
 src/models/llada.cpp                               |    70 +-
 src/models/llama-embed.cpp                         |     6 +
 src/models/llama.cpp                               |   106 +-
 src/models/llama4.cpp                              |   110 +-
 src/models/maincoder.cpp                           |    47 +-
 src/models/mamba.cpp                               |    89 +-
 src/models/mamba2.cpp                              |    87 +
 src/models/mimo2-iswa.cpp                          |   129 -
 src/models/mimo2.cpp                               |   240 +
 src/models/minicpm.cpp                             |    89 +
 src/models/minicpm3.cpp                            |    64 +-
 src/models/minimax-m2.cpp                          |    48 +-
 src/models/mistral3.cpp                            |    94 +-
 src/models/mistral4.cpp                            |     6 +
 src/models/models.h                                |  1902 ++-
 src/models/modern-bert.cpp                         |    65 +-
 src/models/mpt.cpp                                 |    68 +-
 src/models/nemotron-h-moe.cpp                      |     6 +
 src/models/nemotron-h.cpp                          |   129 +-
 src/models/nemotron.cpp                            |    50 +-
 src/models/neo-bert.cpp                            |    42 +-
 src/models/nomic-bert-moe.cpp                      |    72 +
 src/models/nomic-bert.cpp                          |    72 +
 src/models/olmo.cpp                                |    44 +-
 src/models/olmo2.cpp                               |    69 +-
 src/models/olmoe.cpp                               |    53 +-
 src/models/{openai-moe-iswa.cpp => openai-moe.cpp} |    65 +-
 src/models/openelm.cpp                             |    51 +-
 src/models/orion.cpp                               |    44 +-
 src/models/paddleocr.cpp                           |     8 +-
 src/models/{pangu-embedded.cpp => pangu-embed.cpp} |    58 +-
 src/models/phi2.cpp                                |    48 +-
 src/models/phi3.cpp                                |    72 +-
 src/models/phimoe.cpp                              |    55 +
 src/models/plamo.cpp                               |    40 +-
 src/models/plamo2.cpp                              |   111 +-
 src/models/plamo3.cpp                              |    75 +-
 src/models/plm.cpp                                 |    48 +-
 src/models/qwen.cpp                                |    44 +-
 src/models/qwen2.cpp                               |    53 +-
 src/models/qwen2moe.cpp                            |    65 +-
 src/models/qwen2vl.cpp                             |    43 +-
 src/models/qwen3.cpp                               |    56 +-
 src/models/qwen35.cpp                              |   352 +-
 src/models/qwen35moe.cpp                           |   407 +-
 src/models/qwen3moe.cpp                            |    66 +-
 src/models/qwen3next.cpp                           |   165 +-
 src/models/qwen3vl.cpp                             |    54 +-
 src/models/{qwen3vl-moe.cpp => qwen3vlmoe.cpp}     |    65 +-
 src/models/refact.cpp                              |    79 +-
 src/models/rnd1.cpp                                |    64 +-
 src/models/rwkv6.cpp                               |    95 +-
 src/models/rwkv6qwen2.cpp                          |    85 +-
 src/models/rwkv7.cpp                               |   125 +-
 src/models/seed-oss.cpp                            |    49 +-
 src/models/smallthinker.cpp                        |    81 +-
 src/models/smollm3.cpp                             |    47 +-
 src/models/stablelm.cpp                            |    52 +-
 src/models/starcoder.cpp                           |    60 +-
 src/models/starcoder2.cpp                          |    59 +-
 src/models/{step35-iswa.cpp => step35.cpp}         |   106 +-
 src/models/t5.cpp                                  |   124 +-
 src/models/t5encoder.cpp                           |    43 +-
 src/models/wavtokenizer-dec.cpp                    |   119 +-
 src/models/xverse.cpp                              |    41 +-
 src/unicode.cpp                                    |   133 +
 tests/CMakeLists.txt                               |     4 +
 tests/test-arg-parser.cpp                          |    10 +-
 tests/test-backend-ops.cpp                         |   430 +-
 tests/test-chat-auto-parser.cpp                    |     2 +-
 tests/test-chat.cpp                                |  1268 +-
 tests/test-log.cpp                                 |     4 +
 tests/test-reasoning-budget.cpp                    |    88 +-
 tests/test-recurrent-state-rollback.cpp            |   185 +
 tests/test-state-restore-fragmented.cpp            |     3 +
 tools/CMakeLists.txt                               |     1 +
 tools/cli/README.md                                |    66 +-
 tools/cli/cli.cpp                                  |    36 +-
 tools/completion/README.md                         |    17 +-
 tools/llama-bench/llama-bench.cpp                  |     2 +-
 tools/mtmd/CMakeLists.txt                          |     2 +
 tools/mtmd/README.md                               |     4 +
 tools/mtmd/clip-graph.h                            |    10 +-
 tools/mtmd/clip-impl.h                             |    55 +-
 tools/mtmd/clip-model.h                            |    59 +
 tools/mtmd/clip.cpp                                |   462 +-
 tools/mtmd/clip.h                                  |     7 +-
 tools/mtmd/debug/mtmd-debug.cpp                    |     6 +-
 tools/mtmd/models/granite-speech.cpp               |   275 +
 tools/mtmd/models/mimovl.cpp                       |   209 +
 tools/mtmd/models/minicpmv.cpp                     |   291 +
 tools/mtmd/models/models.h                         |    19 +
 tools/mtmd/models/qwen3a.cpp                       |   104 +-
 tools/mtmd/mtmd-audio.cpp                          |   211 +
 tools/mtmd/mtmd-audio.h                            |    18 +
 tools/mtmd/mtmd-cli.cpp                            |     6 +-
 tools/mtmd/mtmd-image.cpp                          |     4 +-
 tools/mtmd/mtmd.cpp                                |    37 +-
 tools/mtmd/mtmd.h                                  |     8 +
 tools/rpc/rpc-server.cpp                           |     2 +-
 tools/server/CMakeLists.txt                        |    27 +-
 tools/server/README-dev.md                         |     6 +-
 tools/server/README.md                             |   183 +-
 tools/server/public/bundle.css                     |     1 -
 tools/server/public/bundle.js                      | 13088 -----------------
 tools/server/public/index.html                     |    34 -
 tools/server/server-chat.cpp                       |    79 +-
 tools/server/server-chat.h                         |     4 +-
 tools/server/server-common.cpp                     |    71 +-
 tools/server/server-common.h                       |    10 +-
 tools/server/server-context.cpp                    |   888 +-
 tools/server/server-context.h                      |     7 +-
 tools/server/server-cors-proxy.h                   |     1 +
 tools/server/server-http.cpp                       |   306 +-
 tools/server/server-http.h                         |    19 +-
 tools/server/server-models.cpp                     |   579 +-
 tools/server/server-models.h                       |    30 +-
 tools/server/server-queue.cpp                      |     3 +-
 tools/server/server-task.cpp                       |   115 +-
 tools/server/server-task.h                         |    47 +-
 tools/server/server-tools.cpp                      |    49 +
 tools/server/server.cpp                            |    63 +-
 tools/server/tests/unit/test_chat_completion.py    |    47 +-
 tools/server/tests/unit/test_compat_gcp.py         |    60 +
 tools/server/tests/unit/test_completion.py         |    67 +-
 .../server/tests/unit/test_kv_keep_only_active.py  |    12 +-
 tools/server/tests/unit/test_router.py             |    48 +
 tools/server/tests/unit/test_speculative.py        |     2 +-
 tools/server/tests/unit/test_tool_call.py          |   127 +-
 tools/server/tests/utils.py                        |    31 +-
 tools/server/webui/scripts/post-build.sh           |     3 -
 .../lib/components/app/actions/ActionIcon.svelte   |    50 -
 .../app/actions/ActionIconCopyToClipboard.svelte   |    18 -
 .../components/app/actions/ActionIconRemove.svelte |    27 -
 .../app/actions/ActionIconsCodeBlock.svelte        |    46 -
 .../webui/src/lib/components/app/actions/index.ts  |    19 -
 .../lib/components/app/badges/BadgeModality.svelte |    39 -
 .../ChatAttachments/ChatAttachmentPreview.svelte   |   284 -
 .../ChatAttachmentThumbnailFile.svelte             |   165 -
 .../ChatAttachments/ChatAttachmentsList.svelte     |   287 -
 .../ChatAttachments/ChatAttachmentsViewAll.svelte  |   117 -
 .../ChatFormActionAttachmentsDropdown.svelte       |   333 -
 .../ChatFormActionAttachmentsSheet.svelte          |   170 -
 .../ChatFormActions/ChatFormActions.svelte         |   271 -
 .../app/chat/ChatForm/ChatFormHelperText.svelte    |    31 -
 .../ChatMessageBranchingControls.svelte            |    84 -
 .../app/chat/ChatMessages/ChatMessageUser.svelte   |   129 -
 .../app/chat/ChatScreen/ChatScreenHeader.svelte    |    26 -
 .../app/chat/ChatSettings/ChatSettings.svelte      |   575 -
 .../app/chat/ChatSidebar/ChatSidebarActions.svelte |   102 -
 .../handle-mobile-sidebar-item-click.ts            |     9 -
 .../app/dialogs/DialogChatAttachmentPreview.svelte |    67 -
 .../dialogs/DialogChatAttachmentsViewAll.svelte    |    54 -
 .../app/dialogs/DialogChatSettings.svelte          |    38 -
 .../app/dialogs/DialogMcpServersSettings.svelte    |    39 -
 .../app/mcp/McpActiveServersAvatars.svelte         |    57 -
 .../components/app/mcp/McpServersSelector.svelte   |   160 -
 .../components/app/mcp/McpServersSettings.svelte   |   150 -
 .../components/app/models/ModelsSelector.svelte    |   437 -
 .../app/models/ModelsSelectorSheet.svelte          |   322 -
 .../src/lib/components/app/navigation/index.ts     |    65 -
 .../dropdown-menu/dropdown-menu-sub-content.svelte |    20 -
 .../src/lib/components/ui/sidebar/sidebar.svelte   |   101 -
 .../server/webui/src/lib/constants/context-keys.ts |     3 -
 tools/server/webui/src/lib/constants/favicon.ts    |     4 -
 .../webui/src/lib/constants/localstorage-keys.ts   |     4 -
 .../webui/src/lib/constants/settings-config.ts     |   163 -
 .../webui/src/lib/constants/settings-fields.ts     |    33 -
 .../webui/src/lib/constants/settings-sections.ts   |    19 -
 tools/server/webui/src/lib/constants/ui.ts         |     2 -
 .../lib/contexts/chat-settings-dialog.context.ts   |    19 -
 tools/server/webui/src/lib/enums/attachment.ts     |    12 -
 .../src/lib/services/parameter-sync.service.ts     |   482 -
 tools/server/webui/src/lib/utils/favicon.ts        |    34 -
 tools/server/webui/static/loading.html             |    12 -
 .../tests/stories/ChatSettings.stories.svelte      |    19 -
 tools/server/webui/vitest-setup-client.ts          |     2 -
 tools/tts/tts.cpp                                  |     2 +-
 tools/ui/.env.example                              |     2 +
 tools/{server/webui => ui}/.gitignore              |     0
 tools/{server/webui => ui}/.npmrc                  |     0
 tools/{server/webui => ui}/.prettierignore         |     0
 tools/{server/webui => ui}/.prettierrc             |     0
 .../decorators}/ModeWatcherDecorator.svelte        |     0
 .../decorators}/TooltipProviderDecorator.svelte    |     2 +-
 tools/{server/webui => ui}/.storybook/main.ts      |     0
 tools/{server/webui => ui}/.storybook/preview.ts   |     4 +-
 .../webui => ui}/.storybook/vitest.setup.ts        |     0
 tools/ui/CMakeLists.txt                            |   150 +
 tools/{server/webui => ui}/README.md               |    37 +-
 tools/{server/webui => ui}/components.json         |     0
 .../high-level-architecture-simplified.md          |     0
 .../docs/architecture/high-level-architecture.md   |     0
 tools/{server/webui => ui}/docs/flows/chat-flow.md |     0
 .../webui => ui}/docs/flows/conversations-flow.md  |     0
 .../docs/flows/data-flow-simplified-model-mode.md  |     0
 .../docs/flows/data-flow-simplified-router-mode.md |     0
 .../webui => ui}/docs/flows/database-flow.md       |     0
 tools/{server/webui => ui}/docs/flows/mcp-flow.md  |     0
 .../{server/webui => ui}/docs/flows/models-flow.md |     0
 .../{server/webui => ui}/docs/flows/server-flow.md |     0
 .../webui => ui}/docs/flows/settings-flow.md       |     4 +-
 tools/{server/webui => ui}/eslint.config.js        |     4 +-
 tools/{server/webui => ui}/package-lock.json       |   920 +-
 tools/{server/webui => ui}/package.json            |     4 +-
 tools/{server/webui => ui}/playwright.config.ts    |     2 +-
 tools/{server/webui => ui}/scripts/dev.sh          |    18 +-
 .../webui => ui}/scripts/install-git-hooks.sh      |    32 +-
 .../scripts/vite-plugin-llama-cpp-build.ts         |    51 +-
 tools/{server/webui => ui}/src/app.css             |    12 +-
 tools/{server/webui => ui}/src/app.d.ts            |     4 +-
 tools/{server/webui => ui}/src/app.html            |     0
 .../src/lib/actions/fade-in-view.svelte.ts         |    15 +-
 tools/ui/src/lib/components/app/SKILL.md           |    11 +
 .../lib/components/app/actions/ActionIcon.svelte   |    60 +
 .../app/actions/ActionIconCopyToClipboard.svelte   |    17 +
 tools/ui/src/lib/components/app/actions/index.ts   |    13 +
 .../src/lib/components/app/badges/BadgeInfo.svelte |     5 +-
 .../components/app/badges/BadgesModality.svelte    |    36 +
 .../src/lib/components/app/badges/index.ts         |     5 +-
 .../ChatAttachmentsList/ChatAttachmentsList.svelte |   119 +
 .../ChatAttachmentsListItem.svelte                 |   132 +
 .../ChatAttachmentsListItemMcpPrompt.svelte}       |    19 +-
 .../ChatAttachmentsListItemMcpResource.svelte}     |    49 +-
 .../ChatAttachmentsListItemThumbnailFile.svelte    |   184 +
 .../ChatAttachmentsListItemThumbnailImage.svelte}  |    59 +-
 .../ChatAttachments/ChatAttachmentsPreview.svelte  |   212 +
 .../ChatAttachmentsPreviewCurrentItem.svelte       |    74 +
 .../ChatAttachmentsPreviewCurrentItemAudio.svelte  |    26 +
 .../ChatAttachmentsPreviewCurrentItemImage.svelte  |    18 +
 .../ChatAttachmentsPreviewCurrentItemPdf.svelte    |   174 +
 .../ChatAttachmentsPreviewCurrentItemText.svelte   |    21 +
 ...AttachmentsPreviewCurrentItemUnavailable.svelte |    17 +
 .../ChatAttachmentsPreviewCurrentItemVideo.svelte  |    26 +
 .../ChatAttachmentsPreviewFileInfo.svelte          |    16 +
 .../ChatAttachmentsPreviewNavButtons.svelte        |    34 +
 .../ChatAttachmentsPreviewThumbnailStrip.svelte    |    66 +
 .../components/app/chat/ChatForm/ChatForm.svelte   |   151 +-
 .../ChatFormActionAddButton.svelte                 |    33 +
 .../ChatFormActionAddDropdown.svelte               |   203 +
 .../ChatFormActionAddMcpServersSubmenu.svelte      |   150 +
 .../ChatFormActionAddSheet.svelte                  |   190 +
 .../ChatFormActionAddToolsSubmenu.svelte           |   150 +
 .../ChatFormActionAdd/ChatFormActionsAdd.svelte    |    68 +
 .../ChatFormActions/ChatFormActionModels.svelte    |   178 +
 .../ChatFormActions/ChatFormActionRecord.svelte    |     0
 .../ChatFormActions/ChatFormActionSubmit.svelte    |    21 +-
 .../ChatFormActions/ChatFormActions.svelte         |   149 +
 .../ChatForm/ChatFormFileInputInvisible.svelte     |     1 +
 .../chat/ChatForm/ChatFormMcpResourcesList.svelte} |     9 +-
 .../ChatFormPicker/ChatFormPickerItemHeader.svelte |     0
 .../ChatFormPicker/ChatFormPickerList.svelte       |     3 +-
 .../ChatFormPicker/ChatFormPickerListItem.svelte   |     6 +-
 .../ChatFormPickerListItemSkeleton.svelte          |     0
 .../ChatFormPicker}/ChatFormPickerPopover.svelte   |     8 +-
 .../ChatFormPickerMcpPrompts.svelte}               |    16 +-
 .../ChatFormPromptPickerArgumentForm.svelte        |     0
 .../ChatFormPromptPickerArgumentInput.svelte       |     0
 .../ChatFormPickerMcpResources.svelte}             |     7 +-
 .../ChatFormPickers/ChatFormPickers.svelte         |    75 +
 .../app/chat/ChatForm/ChatFormTextarea.svelte      |     6 +-
 .../ChatMessages/ChatMessage}/ChatMessage.svelte   |   232 +-
 .../ChatMessageAssistant.svelte                    |    94 +-
 .../ChatMessageMcpPrompt.svelte                    |     4 +-
 .../ChatMessageMcpPromptContent.svelte             |     0
 .../ChatMessageSystem}/ChatMessageSystem.svelte    |    11 +-
 .../ChatMessageUser/ChatMessageUser.svelte         |    83 +
 .../ChatMessageUser/ChatMessageUserBubble.svelte   |    76 +
 .../ChatMessageUser/ChatMessageUserPending.svelte  |    69 +
 .../ChatMessageActionCard.svelte                   |    23 +
 .../ChatMessageActionCardContinueRequest.svelte    |    30 +
 .../ChatMessageActionCardPermissionRequest.svelte  |    88 +
 .../ChatMessageActionIcons.svelte}                 |     4 +-
 .../ChatMessageActionIconsBranchingControls.svelte |    49 +
 .../ChatMessages/ChatMessageAgenticContent.svelte  |   112 +-
 .../chat/ChatMessages/ChatMessageEditForm.svelte   |    34 +-
 .../ChatMessageStatistics.svelte                   |    26 +-
 .../ChatMessageStatisticsBadge.svelte}             |     6 +-
 .../app/chat/ChatMessages/ChatMessages.svelte      |   118 +-
 .../app/chat/ChatScreen/ChatScreen.svelte          |   283 +-
 .../ChatScreen/ChatScreenActionScrollDown.svelte   |    48 +
 .../chat/ChatScreen/ChatScreenDragOverlay.svelte   |     0
 .../app/chat/ChatScreen/ChatScreenForm.svelte      |    54 +-
 .../ChatScreen/ChatScreenProcessingInfo.svelte     |    13 +-
 .../src/lib/components/app/chat/index.ts           |   395 +-
 .../app/content/CollapsibleContentBlock.svelte     |     7 +-
 .../MarkdownContent}/MarkdownContent.svelte        |    19 +-
 .../plugins/rehype}/enhance-code-blocks.ts         |    32 +-
 .../plugins/rehype}/enhance-links.ts               |     0
 .../plugins/rehype}/rehype-rtl-support.ts          |     0
 .../plugins/rehype}/resolve-attachment-images.ts   |     0
 .../plugins/rehype}/table-html-restorer.ts         |     0
 .../plugins/remark}/literal-html.ts                |     0
 .../app/content/SyntaxHighlightedCode.svelte       |     6 -
 .../src/lib/components/app/content/index.ts        |     2 +-
 .../dialogs/DialogChatAttachmentsPreview.svelte    |    88 +
 .../components/app/dialogs/DialogChatError.svelte  |     4 +
 .../app/dialogs/DialogCodePreview.svelte           |     2 +
 .../app/dialogs/DialogConfirmation.svelte          |     2 +
 .../app/dialogs/DialogConversationSelection.svelte |     1 +
 .../dialogs/DialogConversationTitleUpdate.svelte   |     0
 .../app/dialogs/DialogEmptyFileAlert.svelte        |     0
 .../app/dialogs/DialogExportSettings.svelte        |    83 +
 .../app/dialogs/DialogFileUploadError.svelte       |    88 +
 .../app/dialogs/DialogMcpResourcePreview.svelte    |     3 +
 .../app/dialogs/DialogMcpResourcesBrowser.svelte}  |     4 +-
 .../app/dialogs/DialogMcpServerAddNew.svelte       |    88 +
 .../app/dialogs/DialogModelInformation.svelte      |     4 +-
 .../app/dialogs/DialogModelNotAvailable.svelte     |     0
 .../src/lib/components/app/dialogs/index.ts        |   144 +-
 .../app/forms/InputWithSuggestions.svelte          |     0
 .../lib/components/app/forms/KeyValuePairs.svelte  |     0
 .../lib/components/app/forms/SearchInput.svelte    |     8 +-
 .../src/lib/components/app/forms/index.ts          |     0
 .../webui => ui}/src/lib/components/app/index.ts   |     1 +
 .../app/mcp/McpActiveServersAvatars.svelte         |    89 +
 .../app/mcp/McpCapabilitiesBadges.svelte           |     0
 .../components/app/mcp/McpConnectionLogs.svelte    |     7 +-
 .../src/lib/components/app/mcp/McpLogo.svelte      |     0
 .../components/app/mcp/McpResourcePreview.svelte   |     3 +-
 .../app/mcp/McpResourceTemplateForm.svelte         |     0
 .../McpResourcesBrowser.svelte}                    |    15 +-
 .../McpResourcesBrowserEmptyState.svelte}          |     0
 .../McpResourcesBrowserHeader.svelte}              |     0
 .../McpResourcesBrowserServerItem.svelte}          |    41 +-
 .../McpResourcesBrowser/mcp-resources-browser.ts}  |     0
 .../app/mcp/McpServerCard/McpServerCard.svelte     |     4 +-
 .../mcp/McpServerCard/McpServerCardActions.svelte  |     0
 .../McpServerCard/McpServerCardDeleteDialog.svelte |     0
 .../mcp/McpServerCard/McpServerCardEditForm.svelte |     0
 .../mcp/McpServerCard/McpServerCardHeader.svelte   |    53 +-
 .../McpServerCard/McpServerCardToolsList.svelte    |     0
 .../app/mcp/McpServerCardSkeleton.svelte           |     0
 .../lib/components/app/mcp/McpServerForm.svelte    |    11 +-
 .../components/app/mcp/McpServerIdentity.svelte    |    67 +
 .../lib/components/app/mcp/McpServerInfo.svelte    |     0
 .../src/lib/components/app/mcp/index.ts            |    52 +-
 .../components/app/misc/CodeBlockActions.svelte    |    33 +
 .../app/misc/ConversationSelection.svelte          |    29 +-
 .../app/misc/HorizontalScrollCarousel.svelte       |     4 +-
 .../app/misc/KeyboardShortcutInfo.svelte           |     0
 .../lib/components/app/misc/TruncatedText.svelte   |     4 +-
 .../src/lib/components/app/misc/index.ts           |     8 +
 .../lib/components/app/models/ModelBadge.svelte    |     0
 .../src/lib/components/app/models/ModelId.svelte   |    33 +-
 .../app/models/ModelsSelectorDropdown.svelte       |   290 +
 .../app/models/ModelsSelectorList.svelte           |     8 +-
 .../app/models/ModelsSelectorOption.svelte         |    31 +-
 .../app/models/ModelsSelectorSheet.svelte          |   189 +
 .../src/lib/components/app/models/index.ts         |    12 +-
 .../src/lib/components/app/models/utils.ts         |     0
 .../app/navigation/DesktopIconStrip.svelte         |    84 +
 .../app/navigation/DropdownMenuActions.svelte      |     0
 .../app/navigation/DropdownMenuSearchable.svelte   |     0
 .../SidebarNavigation/SidebarNavigation.svelte}    |   186 +-
 .../SidebarNavigationActions.svelte                |    96 +
 .../SidebarNavigationConversationItem.svelte}      |    12 +-
 .../SidebarNavigationSearch.svelte}                |     0
 .../ui/src/lib/components/app/navigation/index.ts  |   138 +
 .../components/app/server/ServerErrorSplash.svelte |     6 +-
 .../app/server/ServerLoadingSplash.svelte          |     3 +-
 .../lib/components/app/server/ServerStatus.svelte  |     0
 .../src/lib/components/app/server/index.ts         |     0
 .../app/settings/SettingsChat/SettingsChat.svelte  |   175 +
 .../SettingsChat/SettingsChatFields.svelte}        |    59 +-
 .../SettingsChatImportExportSection.svelte         |    62 +
 .../SettingsChatImportExportTab.svelte}            |   262 +-
 .../SettingsChatParameterSourceIndicator.svelte}   |     1 +
 .../SettingsChat/SettingsChatToolsTab.svelte       |   104 +
 .../app/settings/SettingsChatDesktopSidebar.svelte |    49 +
 .../app/settings/SettingsChatMobileHeader.svelte   |   107 +
 .../components/app/settings/SettingsFooter.svelte} |     2 +-
 .../components/app/settings/SettingsGroup.svelte   |    18 +
 .../app/settings/SettingsMcpServers.svelte         |   108 +
 tools/ui/src/lib/components/app/settings/index.ts  |    76 +
 .../ui/alert-dialog/alert-dialog-action.svelte     |     0
 .../ui/alert-dialog/alert-dialog-cancel.svelte     |     0
 .../ui/alert-dialog/alert-dialog-content.svelte    |     2 +-
 .../alert-dialog/alert-dialog-description.svelte   |     0
 .../ui/alert-dialog/alert-dialog-footer.svelte     |     0
 .../ui/alert-dialog/alert-dialog-header.svelte     |     0
 .../ui/alert-dialog/alert-dialog-overlay.svelte    |     2 +-
 .../ui/alert-dialog/alert-dialog-title.svelte      |     0
 .../ui/alert-dialog/alert-dialog-trigger.svelte    |     0
 .../src/lib/components/ui/alert-dialog/index.ts    |     0
 .../components/ui/alert/alert-description.svelte   |     0
 .../src/lib/components/ui/alert/alert-title.svelte |     0
 .../src/lib/components/ui/alert/alert.svelte       |     0
 .../src/lib/components/ui/alert/index.ts           |     0
 .../src/lib/components/ui/badge/badge.svelte       |     0
 .../src/lib/components/ui/badge/index.ts           |     0
 .../ui/button-group/button-group-root.svelte       |    21 +
 .../ui/button-group/button-group-separator.svelte  |     8 +
 .../ui/src/lib/components/ui/button-group/index.ts |     2 +
 .../src/lib/components/ui/button/button.svelte     |     8 +-
 .../src/lib/components/ui/button/index.ts          |     0
 .../src/lib/components/ui/card/card-action.svelte  |     0
 .../src/lib/components/ui/card/card-content.svelte |     0
 .../lib/components/ui/card/card-description.svelte |     0
 .../src/lib/components/ui/card/card-footer.svelte  |     0
 .../src/lib/components/ui/card/card-header.svelte  |     0
 .../src/lib/components/ui/card/card-title.svelte   |     0
 .../src/lib/components/ui/card/card.svelte         |     0
 .../src/lib/components/ui/card/index.ts            |     0
 .../src/lib/components/ui/checkbox/checkbox.svelte |     0
 .../src/lib/components/ui/checkbox/index.ts        |     0
 .../ui/collapsible/collapsible-content.svelte      |     0
 .../ui/collapsible/collapsible-trigger.svelte      |     0
 .../components/ui/collapsible/collapsible.svelte   |     0
 .../src/lib/components/ui/collapsible/index.ts     |     0
 .../lib/components/ui/dialog/dialog-close.svelte   |     0
 .../lib/components/ui/dialog/dialog-content.svelte |     2 +-
 .../components/ui/dialog/dialog-description.svelte |     0
 .../lib/components/ui/dialog/dialog-footer.svelte  |     0
 .../lib/components/ui/dialog/dialog-header.svelte  |     0
 .../lib/components/ui/dialog/dialog-overlay.svelte |     2 +-
 .../lib/components/ui/dialog/dialog-title.svelte   |     0
 .../lib/components/ui/dialog/dialog-trigger.svelte |     0
 .../src/lib/components/ui/dialog/index.ts          |     0
 .../dropdown-menu-checkbox-item.svelte             |     0
 .../ui/dropdown-menu/dropdown-menu-content.svelte  |     2 +-
 .../dropdown-menu-group-heading.svelte             |     0
 .../ui/dropdown-menu/dropdown-menu-group.svelte    |     0
 .../ui/dropdown-menu/dropdown-menu-item.svelte     |     0
 .../ui/dropdown-menu/dropdown-menu-label.svelte    |     0
 .../dropdown-menu/dropdown-menu-radio-group.svelte |     0
 .../dropdown-menu/dropdown-menu-radio-item.svelte  |     0
 .../dropdown-menu/dropdown-menu-separator.svelte   |     0
 .../ui/dropdown-menu/dropdown-menu-shortcut.svelte |     0
 .../dropdown-menu/dropdown-menu-sub-content.svelte |    20 +
 .../dropdown-menu/dropdown-menu-sub-trigger.svelte |     0
 .../ui/dropdown-menu/dropdown-menu-trigger.svelte  |     0
 .../src/lib/components/ui/dropdown-menu/index.ts   |     0
 .../src/lib/components/ui/input/index.ts           |     0
 .../src/lib/components/ui/input/input.svelte       |     0
 .../src/lib/components/ui/label/index.ts           |     0
 .../src/lib/components/ui/label/label.svelte       |     0
 .../src/lib/components/ui/popover/index.ts         |     0
 .../lib/components/ui/popover/popover-close.svelte |     0
 .../components/ui/popover/popover-content.svelte   |     2 +-
 .../components/ui/popover/popover-portal.svelte    |     0
 .../components/ui/popover/popover-trigger.svelte   |     0
 .../src/lib/components/ui/popover/popover.svelte   |     0
 .../src/lib/components/ui/scroll-area/index.ts     |     0
 .../ui/scroll-area/scroll-area-scrollbar.svelte    |     0
 .../components/ui/scroll-area/scroll-area.svelte   |     0
 .../src/lib/components/ui/select/index.ts          |     0
 .../lib/components/ui/select/select-content.svelte |     2 +-
 .../ui/select/select-group-heading.svelte          |     0
 .../lib/components/ui/select/select-group.svelte   |     0
 .../lib/components/ui/select/select-item.svelte    |     0
 .../lib/components/ui/select/select-label.svelte   |     0
 .../ui/select/select-scroll-down-button.svelte     |     0
 .../ui/select/select-scroll-up-button.svelte       |     0
 .../components/ui/select/select-separator.svelte   |     0
 .../lib/components/ui/select/select-trigger.svelte |     0
 .../src/lib/components/ui/separator/index.ts       |     0
 .../lib/components/ui/separator/separator.svelte   |     0
 .../src/lib/components/ui/sheet/index.ts           |     0
 .../src/lib/components/ui/sheet/sheet-close.svelte |     0
 .../lib/components/ui/sheet/sheet-content.svelte   |     2 +-
 .../components/ui/sheet/sheet-description.svelte   |     0
 .../lib/components/ui/sheet/sheet-footer.svelte    |     0
 .../lib/components/ui/sheet/sheet-header.svelte    |     0
 .../lib/components/ui/sheet/sheet-overlay.svelte   |     2 +-
 .../src/lib/components/ui/sheet/sheet-title.svelte |     0
 .../lib/components/ui/sheet/sheet-trigger.svelte   |     0
 .../src/lib/components/ui/sidebar/constants.ts     |     3 +-
 .../lib/components/ui/sidebar/context.svelte.ts    |     6 +-
 .../src/lib/components/ui/sidebar/index.ts         |     0
 .../components/ui/sidebar/sidebar-content.svelte   |     0
 .../components/ui/sidebar/sidebar-footer.svelte    |     2 +-
 .../ui/sidebar/sidebar-group-action.svelte         |     0
 .../ui/sidebar/sidebar-group-content.svelte        |     0
 .../ui/sidebar/sidebar-group-label.svelte          |     0
 .../lib/components/ui/sidebar/sidebar-group.svelte |     0
 .../components/ui/sidebar/sidebar-header.svelte    |     0
 .../lib/components/ui/sidebar/sidebar-input.svelte |     0
 .../lib/components/ui/sidebar/sidebar-inset.svelte |     0
 .../ui/sidebar/sidebar-menu-action.svelte          |     0
 .../ui/sidebar/sidebar-menu-badge.svelte           |     0
 .../ui/sidebar/sidebar-menu-button.svelte          |     2 +-
 .../components/ui/sidebar/sidebar-menu-item.svelte |     0
 .../ui/sidebar/sidebar-menu-skeleton.svelte        |     0
 .../ui/sidebar/sidebar-menu-sub-button.svelte      |     0
 .../ui/sidebar/sidebar-menu-sub-item.svelte        |     0
 .../components/ui/sidebar/sidebar-menu-sub.svelte  |     0
 .../lib/components/ui/sidebar/sidebar-menu.svelte  |     0
 .../components/ui/sidebar/sidebar-provider.svelte  |     5 +-
 .../lib/components/ui/sidebar/sidebar-rail.svelte  |     0
 .../components/ui/sidebar/sidebar-separator.svelte |     0
 .../components/ui/sidebar/sidebar-trigger.svelte   |    15 +-
 .../src/lib/components/ui/sidebar/sidebar.svelte   |   150 +
 .../src/lib/components/ui/skeleton/index.ts        |     0
 .../src/lib/components/ui/skeleton/skeleton.svelte |     0
 .../src/lib/components/ui/switch/index.ts          |     0
 .../src/lib/components/ui/switch/switch.svelte     |     0
 .../src/lib/components/ui/table/index.ts           |     0
 .../src/lib/components/ui/table/table-body.svelte  |     0
 .../lib/components/ui/table/table-caption.svelte   |     0
 .../src/lib/components/ui/table/table-cell.svelte  |     0
 .../lib/components/ui/table/table-footer.svelte    |     0
 .../src/lib/components/ui/table/table-head.svelte  |     0
 .../lib/components/ui/table/table-header.svelte    |     0
 .../src/lib/components/ui/table/table-row.svelte   |     0
 .../src/lib/components/ui/table/table.svelte       |     0
 .../src/lib/components/ui/textarea/index.ts        |     0
 .../src/lib/components/ui/textarea/textarea.svelte |     0
 .../src/lib/components/ui/tooltip/index.ts         |     0
 .../components/ui/tooltip/tooltip-content.svelte   |     2 +-
 .../components/ui/tooltip/tooltip-trigger.svelte   |     7 +-
 .../webui => ui}/src/lib/components/ui/utils.ts    |     0
 .../webui => ui}/src/lib/constants/agentic.ts      |     5 -
 .../src/lib/constants/api-endpoints.ts             |     5 +
 .../src/lib/constants/attachment-labels.ts         |     0
 tools/ui/src/lib/constants/attachment-menu.ts      |   112 +
 .../webui => ui}/src/lib/constants/auto-scroll.ts  |     0
 .../src/lib/constants/binary-detection.ts          |     0
 .../webui => ui}/src/lib/constants/cache.ts        |     0
 .../webui => ui}/src/lib/constants/chat-form.ts    |     1 +
 tools/ui/src/lib/constants/cli-flags.ts            |     6 +
 .../webui => ui}/src/lib/constants/code-blocks.ts  |     0
 .../{server/webui => ui}/src/lib/constants/code.ts |     0
 tools/ui/src/lib/constants/context-keys.ts         |     4 +
 .../webui => ui}/src/lib/constants/css-classes.ts  |     0
 tools/ui/src/lib/constants/database.ts             |    29 +
 .../src/lib/constants/floating-ui-constraints.ts   |     0
 .../webui => ui}/src/lib/constants/formatters.ts   |     0
 .../webui => ui}/src/lib/constants/icons.ts        |    10 +-
 .../webui => ui}/src/lib/constants/index.ts        |    14 +-
 .../src/lib/constants/key-value-pairs.ts           |     0
 .../src/lib/constants/latex-protection.ts          |     0
 .../webui => ui}/src/lib/constants/literal-html.ts |     0
 .../webui => ui}/src/lib/constants/markdown.ts     |     0
 .../src/lib/constants/max-bundle-size.ts           |     0
 .../webui => ui}/src/lib/constants/mcp-form.ts     |     0
 .../webui => ui}/src/lib/constants/mcp-resource.ts |     0
 .../{server/webui => ui}/src/lib/constants/mcp.ts  |    11 +-
 .../src/lib/constants/message-export.ts            |     0
 .../webui => ui}/src/lib/constants/model-id.ts     |     0
 .../webui => ui}/src/lib/constants/precision.ts    |     0
 .../src/lib/constants/processing-info.ts           |     0
 tools/ui/src/lib/constants/routes.ts               |    27 +
 .../src/lib/constants/settings-keys.ts             |     7 +-
 tools/ui/src/lib/constants/settings-registry.ts    |   778 +
 tools/ui/src/lib/constants/storage.ts              |    46 +
 .../src/lib/constants/supported-file-types.ts      |    15 +-
 .../src/lib/constants/table-html-restorer.ts       |     0
 tools/ui/src/lib/constants/title-generation.ts     |     9 +
 tools/ui/src/lib/constants/tools.ts                |    11 +
 .../src/lib/constants/tooltip-config.ts            |     0
 tools/ui/src/lib/constants/ui.ts                   |    37 +
 .../webui => ui}/src/lib/constants/uri-template.ts |     0
 tools/ui/src/lib/constants/url.ts                  |   186 +
 .../webui => ui}/src/lib/constants/viewport.ts     |     0
 .../src/lib/contexts/chat-actions.context.ts       |     0
 .../lib/contexts/chat-settings-config.context.ts   |    20 +
 .../{server/webui => ui}/src/lib/contexts/index.ts |    14 +-
 .../src/lib/contexts/message-edit.context.ts       |    13 +-
 .../ui/src/lib/contexts/processing-info.context.ts |    16 +
 .../{server/webui => ui}/src/lib/enums/agentic.ts  |     0
 tools/ui/src/lib/enums/attachment.ts               |    56 +
 tools/{server/webui => ui}/src/lib/enums/chat.ts   |    16 +-
 tools/{server/webui => ui}/src/lib/enums/files.ts  |    22 +-
 tools/{server/webui => ui}/src/lib/enums/index.ts  |    15 +-
 .../{server/webui => ui}/src/lib/enums/keyboard.ts |     3 +
 tools/{server/webui => ui}/src/lib/enums/mcp.ts    |     0
 tools/{server/webui => ui}/src/lib/enums/model.ts  |     3 +-
 tools/{server/webui => ui}/src/lib/enums/server.ts |     0
 .../{server/webui => ui}/src/lib/enums/settings.ts |     0
 tools/ui/src/lib/enums/tools.ts                    |    17 +
 tools/{server/webui => ui}/src/lib/enums/ui.ts     |    19 +-
 .../webui => ui}/src/lib/hooks/is-mobile.svelte.ts |     0
 .../ui/src/lib/hooks/use-attachment-menu.svelte.ts |    82 +
 .../src/lib/hooks/use-auto-scroll.svelte.ts        |    64 +-
 .../ui/src/lib/hooks/use-draft-messages.svelte.ts  |    45 +
 .../src/lib/hooks/use-keyboard-shortcuts.svelte.ts |    60 +
 .../lib/hooks/use-message-edit-context.svelte.ts   |    99 +
 .../ui/src/lib/hooks/use-models-selector.svelte.ts |   273 +
 .../src/lib/hooks/use-processing-state.svelte.ts   |     0
 .../ui/src/lib/hooks/use-scroll-carousel.svelte.ts |    61 +
 .../lib/hooks/use-settings-navigation.svelte.ts    |    46 +
 tools/ui/src/lib/hooks/use-tools-panel.svelte.ts   |   122 +
 .../webui => ui}/src/lib/services/chat.service.ts  |    96 +-
 .../src/lib/services/database.service.ts           |   350 +-
 .../{server/webui => ui}/src/lib/services/index.ts |    55 +-
 .../webui => ui}/src/lib/services/mcp.service.ts   |    76 +-
 tools/ui/src/lib/services/migration.service.ts     |   543 +
 .../src/lib/services/models.service.ts             |     0
 .../lib/services/parameter-sync.service.spec.ts    |     2 +-
 .../ui/src/lib/services/parameter-sync.service.ts  |   232 +
 .../webui => ui}/src/lib/services/props.service.ts |     0
 tools/ui/src/lib/services/router.service.ts        |    11 +
 tools/ui/src/lib/services/tools.service.ts         |    40 +
 .../webui => ui}/src/lib/stores/agentic.svelte.ts  |   448 +-
 .../webui => ui}/src/lib/stores/chat.svelte.ts     |   291 +-
 .../src/lib/stores/conversations.svelte.ts         |    41 +-
 tools/ui/src/lib/stores/draft-messages.svelte.ts   |    31 +
 .../src/lib/stores/mcp-resources.svelte.ts         |     0
 .../webui => ui}/src/lib/stores/mcp.svelte.ts      |   115 +-
 .../webui => ui}/src/lib/stores/models.svelte.ts   |   413 +-
 tools/ui/src/lib/stores/permissions.svelte.ts      |    59 +
 .../src/lib/stores/persisted.svelte.ts             |     0
 .../webui => ui}/src/lib/stores/server.svelte.ts   |     4 +-
 .../ui/src/lib/stores/settings-referrer.svelte.ts  |    12 +
 .../webui => ui}/src/lib/stores/settings.svelte.ts |   181 +-
 tools/ui/src/lib/stores/tools.svelte.ts            |   427 +
 .../webui => ui}/src/lib/types/agentic.d.ts        |     9 +
 tools/{server/webui => ui}/src/lib/types/api.d.ts  |    11 +
 tools/{server/webui => ui}/src/lib/types/chat.d.ts |    11 -
 .../{server/webui => ui}/src/lib/types/common.d.ts |     7 +-
 .../webui => ui}/src/lib/types/database.d.ts       |    18 +-
 tools/{server/webui => ui}/src/lib/types/index.ts  |    16 +-
 tools/{server/webui => ui}/src/lib/types/mcp.d.ts  |    13 +
 .../{server/webui => ui}/src/lib/types/models.d.ts |     2 +
 .../webui => ui}/src/lib/types/settings.d.ts       |    58 +-
 tools/ui/src/lib/types/tools.d.ts                  |    19 +
 tools/{server/webui => ui}/src/lib/utils/abort.ts  |     0
 .../{server/webui => ui}/src/lib/utils/agentic.ts  |     8 +-
 .../webui => ui}/src/lib/utils/api-fetch.ts        |     0
 .../webui => ui}/src/lib/utils/api-headers.ts      |     0
 .../src/lib/utils/api-key-validation.ts            |    18 +-
 .../src/lib/utils/attachment-display.ts            |    36 +-
 .../webui => ui}/src/lib/utils/attachment-type.ts  |    21 +
 .../webui => ui}/src/lib/utils/audio-recording.ts  |   103 +-
 .../src/lib/utils/autoresize-textarea.ts           |     0
 .../webui => ui}/src/lib/utils/branching.ts        |     0
 .../webui => ui}/src/lib/utils/browser-only.ts     |     0
 .../webui => ui}/src/lib/utils/cache-ttl.ts        |     0
 .../webui => ui}/src/lib/utils/clipboard.ts        |     0
 tools/{server/webui => ui}/src/lib/utils/code.ts   |     0
 .../webui => ui}/src/lib/utils/config-helpers.ts   |     0
 .../src/lib/utils/conversation-utils.ts            |     0
 .../src/lib/utils/convert-files-to-extra.ts        |    25 +-
 .../webui => ui}/src/lib/utils/cors-proxy.ts       |     9 -
 tools/ui/src/lib/utils/css.ts                      |     9 +
 .../{server/webui => ui}/src/lib/utils/data-url.ts |     0
 .../{server/webui => ui}/src/lib/utils/debounce.ts |     0
 .../webui => ui}/src/lib/utils/file-preview.ts     |     0
 .../webui => ui}/src/lib/utils/file-type.ts        |    13 +
 .../webui => ui}/src/lib/utils/formatters.ts       |     0
 .../{server/webui => ui}/src/lib/utils/headers.ts  |     0
 .../src/lib/utils/image-error-fallback.ts          |     0
 tools/{server/webui => ui}/src/lib/utils/index.ts  |    18 +-
 .../webui => ui}/src/lib/utils/is-ime-composing.ts |     0
 .../webui => ui}/src/lib/utils/latex-protection.ts |     0
 .../webui => ui}/src/lib/utils/legacy-migration.ts |    41 +-
 tools/{server/webui => ui}/src/lib/utils/mcp.ts    |     6 +-
 .../src/lib/utils/modality-file-validation.ts      |    16 +-
 .../webui => ui}/src/lib/utils/model-names.ts      |     0
 .../webui => ui}/src/lib/utils/pdf-processing.ts   |     0
 .../webui => ui}/src/lib/utils/portal-to-body.ts   |     0
 .../webui => ui}/src/lib/utils/precision.ts        |     0
 .../src/lib/utils/process-uploaded-files.ts        |     7 +-
 tools/{server/webui => ui}/src/lib/utils/redact.ts |     0
 .../webui => ui}/src/lib/utils/request-helpers.ts  |     0
 .../{server/webui => ui}/src/lib/utils/sanitize.ts |     0
 .../webui => ui}/src/lib/utils/svg-to-png.ts       |     0
 .../src/lib/utils/syntax-highlight-language.ts     |     0
 .../webui => ui}/src/lib/utils/text-files.ts       |     0
 tools/{server/webui => ui}/src/lib/utils/text.ts   |     0
 .../webui => ui}/src/lib/utils/uri-template.ts     |     2 +-
 tools/ui/src/lib/utils/url.ts                      |    72 +
 tools/{server/webui => ui}/src/lib/utils/uuid.ts   |     0
 tools/ui/src/lib/utils/viewport.ts                 |    12 +
 .../webui => ui}/src/lib/utils/webp-to-png.ts      |     0
 tools/ui/src/routes/(chat)/+layout.svelte          |    12 +
 .../routes => ui/src/routes/(chat)}/+page.svelte   |    28 +-
 .../src/routes => ui/src/routes/(chat)}/+page.ts   |     0
 .../src/routes/(chat)}/chat/[id]/+page.svelte      |    57 +-
 .../src/routes/(chat)}/chat/[id]/+page.ts          |     0
 .../{server/webui => ui}/src/routes/+error.svelte  |     8 +-
 .../{server/webui => ui}/src/routes/+layout.svelte |   202 +-
 tools/ui/src/routes/mcp-servers/+page.svelte       |     5 +
 tools/ui/src/routes/settings/+layout.svelte        |    38 +
 .../src/routes/settings/[[section]]/+page.svelte   |    16 +
 .../webui => ui}/src/styles/katex-custom.scss      |     9 +-
 tools/{server/webui => ui}/static/favicon.svg      |     0
 tools/{server/public => ui/static}/loading.html    |     0
 tools/{server/webui => ui}/svelte.config.js        |     6 +-
 .../tests/client/components/TestWrapper.svelte     |     2 +-
 .../webui => ui}/tests/client/page.svelte.test.ts  |     7 +-
 tools/{server/webui => ui}/tests/e2e/demo.test.ts  |     0
 .../tests/stories/ChatMessage.stories.svelte       |     2 +-
 .../stories/ChatScreenForm.a11y.stories.svelte     |    50 +
 .../tests/stories/ChatScreenForm.stories.svelte    |     0
 .../webui => ui}/tests/stories/Introduction.mdx    |     4 +-
 .../tests/stories/MarkdownContent.stories.svelte   |     0
 .../stories/SidebarNavigation.stories.svelte}      |    36 +-
 .../tests/stories/fixtures/ai-tutorial.ts          |     0
 .../tests/stories/fixtures/api-docs.ts             |     0
 .../tests/stories/fixtures/assets/1.jpg            |   Bin
 .../fixtures/assets/beautiful-flowers-lotus.webp   |   Bin
 .../tests/stories/fixtures/assets/example.pdf      |   Bin
 .../tests/stories/fixtures/assets/hf-logo.svg      |     0
 .../tests/stories/fixtures/blog-post.ts            |     0
 .../tests/stories/fixtures/data-analysis.ts        |     0
 .../webui => ui}/tests/stories/fixtures/empty.ts   |     0
 .../tests/stories/fixtures/math-formulas.ts        |     0
 .../webui => ui}/tests/stories/fixtures/readme.ts  |     0
 .../tests/stories/fixtures/storybook-mocks.ts      |    11 +-
 .../tests/unit/agentic-sections.test.ts            |    26 +-
 .../webui => ui}/tests/unit/agentic-strip.test.ts  |     0
 .../webui => ui}/tests/unit/clipboard.test.ts      |     0
 .../tests/unit/latex-protection.test.ts            |     0
 .../webui => ui}/tests/unit/mcp-service.test.ts    |     0
 .../tests/unit/model-id-parser.test.ts             |     0
 .../webui => ui}/tests/unit/model-names.test.ts    |     0
 .../tests/unit/reasoning-context.test.ts           |     0
 .../{server/webui => ui}/tests/unit/redact.test.ts |     0
 .../tests/unit/request-helpers.test.ts             |     0
 .../tests/unit/sanitize-headers.test.ts            |     0
 .../webui => ui}/tests/unit/uri-template.test.ts   |     8 +
 tools/{server/webui => ui}/tsconfig.json           |    16 +-
 tools/ui/ui.cpp                                    |     7 +
 tools/ui/ui.h                                      |    17 +
 tools/{server/webui => ui}/vite.config.ts          |    19 +-
 tools/ui/vitest-setup-client.ts                    |    78 +
 ty.toml                                            |     3 +-
 vendor/cpp-httplib/CMakeLists.txt                  |    16 +-
 vendor/cpp-httplib/httplib.cpp                     |   215 +-
 vendor/cpp-httplib/httplib.h                       |     4 +-
 1270 files changed, 113971 insertions(+), 70726 deletions(-)
 delete mode 100644 .gitattributes
 create mode 100644 .github/workflows/build-and-test-snapdragon.yml
 create mode 100644 .github/workflows/build-virtgpu.yml
 create mode 100644 .github/workflows/code-style.yml
 create mode 100644 .github/workflows/ui-build.yml
 rename .github/workflows/{server-webui.yml => ui-ci.yml} (56%)
 create mode 100644 .github/workflows/ui-publish.yml
 create mode 100644 .pi/gg/SYSTEM.md
 create mode 100644 conversion/__init__.py
 create mode 100644 conversion/afmoe.py
 create mode 100644 conversion/arctic.py
 create mode 100644 conversion/baichuan.py
 create mode 100644 conversion/bailingmoe.py
 create mode 100644 conversion/base.py
 create mode 100644 conversion/bert.py
 create mode 100644 conversion/bitnet.py
 create mode 100644 conversion/bloom.py
 create mode 100644 conversion/chameleon.py
 create mode 100644 conversion/chatglm.py
 create mode 100644 conversion/codeshell.py
 create mode 100644 conversion/cogvlm.py
 create mode 100644 conversion/command_r.py
 create mode 100644 conversion/dbrx.py
 create mode 100644 conversion/deci.py
 create mode 100644 conversion/deepseek.py
 create mode 100644 conversion/dots1.py
 create mode 100644 conversion/dotsocr.py
 create mode 100644 conversion/dream.py
 create mode 100644 conversion/ernie.py
 create mode 100644 conversion/exaone.py
 create mode 100644 conversion/falcon.py
 create mode 100644 conversion/falcon_h1.py
 create mode 100644 conversion/gemma.py
 create mode 100644 conversion/glm.py
 create mode 100644 conversion/gpt2.py
 create mode 100644 conversion/gpt_oss.py
 create mode 100644 conversion/gptneox.py
 create mode 100644 conversion/granite.py
 create mode 100644 conversion/grok.py
 create mode 100644 conversion/grovemoe.py
 create mode 100644 conversion/hunyuan.py
 create mode 100644 conversion/internlm.py
 create mode 100644 conversion/internvl.py
 create mode 100644 conversion/jais.py
 create mode 100644 conversion/jamba.py
 create mode 100644 conversion/januspro.py
 create mode 100644 conversion/kimi_linear.py
 create mode 100644 conversion/kimivl.py
 create mode 100644 conversion/lfm2.py
 create mode 100644 conversion/lighton_ocr.py
 create mode 100644 conversion/llada.py
 create mode 100644 conversion/llama.py
 create mode 100644 conversion/llama4.py
 create mode 100644 conversion/llava.py
 create mode 100644 conversion/maincoder.py
 create mode 100644 conversion/mamba.py
 create mode 100644 conversion/mimo.py
 create mode 100644 conversion/minicpm.py
 create mode 100644 conversion/minimax.py
 create mode 100644 conversion/mistral.py
 create mode 100644 conversion/mistral3.py
 create mode 100644 conversion/mpt.py
 create mode 100644 conversion/nemotron.py
 create mode 100644 conversion/olmo.py
 create mode 100644 conversion/openelm.py
 create mode 100644 conversion/orion.py
 create mode 100644 conversion/pangu.py
 create mode 100644 conversion/phi.py
 create mode 100644 conversion/pixtral.py
 create mode 100644 conversion/plamo.py
 create mode 100644 conversion/plm.py
 create mode 100644 conversion/qwen.py
 create mode 100644 conversion/qwen3vl.py
 create mode 100644 conversion/qwenvl.py
 create mode 100644 conversion/refact.py
 create mode 100644 conversion/rwkv.py
 create mode 100644 conversion/sarashina2.py
 create mode 100644 conversion/smallthinker.py
 create mode 100644 conversion/smolvlm.py
 create mode 100644 conversion/stablelm.py
 create mode 100644 conversion/starcoder.py
 create mode 100644 conversion/step3.py
 create mode 100644 conversion/t5.py
 create mode 100644 conversion/ultravox.py
 create mode 100644 conversion/wavtokenizer.py
 create mode 100644 conversion/xverse.py
 create mode 100644 conversion/youtuvl.py
 create mode 100644 docs/multi-gpu.md
 create mode 100644 docs/multimodal/minicpmv4.6.md
 create mode 100644 examples/diffusion/diffusion.cpp
 create mode 100644 examples/diffusion/diffusion.h
 create mode 100644 examples/llama-eval/README.md
 create mode 100755 examples/llama-eval/llama-eval.py
 create mode 100755 examples/llama-eval/llama-server-simulator.py
 create mode 100755 examples/llama-eval/test-simulator.sh
 create mode 100755 examples/sycl/start-svr.sh
 create mode 100644 examples/sycl/win-start-svr.bat
 delete mode 100644 flake.lock
 create mode 100644 ggml/src/ggml-cpu/cmake/FindSMTIME.cmake
 create mode 100644 ggml/src/ggml-cpu/spacemit/ime2_kernels.cpp
 create mode 100644 ggml/src/ggml-cpu/spacemit/ime_env.cpp
 create mode 100644 ggml/src/ggml-cpu/spacemit/ime_env.h
 create mode 100644 ggml/src/ggml-cpu/spacemit/repack.cpp
 create mode 100644 ggml/src/ggml-cpu/spacemit/repack.h
 create mode 100644 ggml/src/ggml-cpu/spacemit/rvv_kernels.cpp
 create mode 100644 ggml/src/ggml-cpu/spacemit/rvv_kernels.h
 create mode 100644 ggml/src/ggml-cpu/spacemit/spine_barrier.h
 create mode 100644 ggml/src/ggml-cpu/spacemit/spine_mem_pool.cpp
 create mode 100644 ggml/src/ggml-cpu/spacemit/spine_mem_pool.h
 create mode 100644 ggml/src/ggml-cpu/spacemit/spine_tcm.h
 create mode 100644 ggml/src/ggml-cuda/allreduce.cu
 create mode 100644 ggml/src/ggml-cuda/allreduce.cuh
 create mode 100644 ggml/src/ggml-cuda/snake.cu
 create mode 100644 ggml/src/ggml-cuda/snake.cuh
 create mode 100644 ggml/src/ggml-cuda/template-instances/fattn-tile-instance-dkq192-dv128.cu
 create mode 100644 ggml/src/ggml-cuda/template-instances/fattn-tile-instance-dkq320-dv256.cu
 create mode 100644 ggml/src/ggml-hexagon/htp/gated-delta-net-ops.c
 create mode 100644 ggml/src/ggml-hexagon/htp/hmx-flash-attn-ops.c
 create mode 100644 ggml/src/ggml-hexagon/htp/hvx-repl.h
 create mode 100644 ggml/src/ggml-hexagon/htp/pad-ops.c
 create mode 100644 ggml/src/ggml-hexagon/htp/solve-tri-ops.c
 create mode 100644 ggml/src/ggml-hexagon/htp/vtcm-utils.h
 create mode 100644 ggml/src/ggml-opencl/kernels/gemm_moe_mxfp4_f32_ns.cl
 create mode 100644 ggml/src/ggml-opencl/kernels/gemm_moe_q4_0_f32_ns.cl
 create mode 100644 ggml/src/ggml-opencl/kernels/gemm_moe_q4_1_f32_ns.cl
 create mode 100644 ggml/src/ggml-opencl/kernels/gemm_moe_q5_0_f32_ns.cl
 create mode 100644 ggml/src/ggml-opencl/kernels/gemm_moe_q5_1_f32_ns.cl
 create mode 100644 ggml/src/ggml-opencl/kernels/gemm_noshuffle_iq4_nl_f32.cl
 rename ggml/src/ggml-opencl/kernels/{mul_mat_Ab_Bi_8x4.cl => gemm_noshuffle_q4_0_f32.cl} (99%)
 rename ggml/src/ggml-opencl/kernels/{mul_mm_q8_0_f32_8x4.cl => gemm_noshuffle_q8_0_f32.cl} (98%)
 create mode 100644 ggml/src/ggml-opencl/kernels/gemm_xmem_f16_f32_os8.cl
 create mode 100644 ggml/src/ggml-opencl/kernels/gemv_moe_mxfp4_f32_ns.cl
 create mode 100644 ggml/src/ggml-opencl/kernels/gemv_moe_q4_0_f32_ns.cl
 create mode 100644 ggml/src/ggml-opencl/kernels/gemv_moe_q4_1_f32_ns.cl
 create mode 100644 ggml/src/ggml-opencl/kernels/gemv_moe_q5_0_f32_ns.cl
 create mode 100644 ggml/src/ggml-opencl/kernels/gemv_moe_q5_1_f32_ns.cl
 create mode 100644 ggml/src/ggml-opencl/kernels/gemv_noshuffle_iq4_nl_f32.cl
 rename ggml/src/ggml-opencl/kernels/{gemv_noshuffle_general.cl => gemv_noshuffle_q4_0_f32.cl} (98%)
 rename ggml/src/ggml-opencl/kernels/{gemv_noshuffle.cl => gemv_noshuffle_q4_0_f32_spec.cl} (98%)
 rename ggml/src/ggml-opencl/kernels/{gemv_noshuffle_general_q8_0_f32.cl => gemv_noshuffle_q8_0_f32.cl} (100%)
 create mode 100644 ggml/src/ggml-opencl/kernels/moe_reorder_b.cl
 create mode 100644 ggml/src/ggml-opencl/kernels/moe_sort_by_expert.cl
 create mode 100644 ggml/src/ggml-opencl/kernels/mul_mm_iq4_nl_f32_l4_lm.cl
 create mode 100644 ggml/src/ggml-opencl/kernels/mul_mv_iq4_nl_f32.cl
 create mode 100644 ggml/src/ggml-opencl/kernels/mul_mv_iq4_nl_f32_flat.cl
 create mode 100644 ggml/src/ggml-sycl/cumsum.cpp
 create mode 100644 ggml/src/ggml-sycl/cumsum.hpp
 create mode 100644 ggml/src/ggml-sycl/diag.cpp
 create mode 100644 ggml/src/ggml-sycl/diag.hpp
 create mode 100644 ggml/src/ggml-sycl/fattn-buffers.cpp
 create mode 100644 ggml/src/ggml-sycl/fattn-buffers.hpp
 create mode 100644 ggml/src/ggml-sycl/fill.cpp
 create mode 100644 ggml/src/ggml-sycl/fill.hpp
 create mode 100644 ggml/src/ggml-sycl/solve_tri.cpp
 create mode 100644 ggml/src/ggml-sycl/solve_tri.hpp
 create mode 100644 ggml/src/ggml-sycl/ssm_scan.cpp
 create mode 100644 ggml/src/ggml-sycl/ssm_scan.hpp
 create mode 100644 ggml/src/ggml-vulkan/vulkan-shaders/flash_attn_dequant.glsl
 create mode 100644 ggml/src/ggml-webgpu/wgsl-shaders/add_id.wgsl
 create mode 100644 ggml/src/ggml-webgpu/wgsl-shaders/flash_attn_tile.wgsl
 create mode 100644 ggml/src/ggml-webgpu/wgsl-shaders/mul_mat_id_vec.wgsl
 create mode 100644 ggml/src/ggml-webgpu/wgsl-shaders/mul_mat_vec_acc.tmpl
 create mode 100644 ggml/src/ggml-webgpu/wgsl-shaders/ssm_scan.wgsl
 create mode 100644 ggml/src/ggml-webgpu/wgsl-shaders/upscale.wgsl
 create mode 100644 models/ggml-vocab-qwen35.gguf
 create mode 100644 models/ggml-vocab-qwen35.gguf.inp
 create mode 100644 models/ggml-vocab-qwen35.gguf.out
 delete mode 100644 poetry.lock
 create mode 100755 scripts/snapdragon/ggml-hexagon-profile.py
 delete mode 100644 scripts/snapdragon/qdc/readme.md
 create mode 100644 scripts/snapdragon/qdc/run_qdc_jobs.py
 create mode 100644 scripts/snapdragon/qdc/tests/conftest.py
 create mode 100644 scripts/snapdragon/qdc/tests/linux/run_linux.sh
 create mode 100644 scripts/snapdragon/qdc/tests/run_backend_ops_posix.py
 create mode 100644 scripts/snapdragon/qdc/tests/run_bench_tests_posix.py
 delete mode 100644 scripts/snapdragon/qdc/tests/test_bench.py
 create mode 100644 scripts/snapdragon/qdc/tests/utils.py
 create mode 100644 scripts/ui-download.cmake
 create mode 100755 scripts/wc2wt.sh
 rename src/models/{cohere2-iswa.cpp => cohere2.cpp} (59%)
 create mode 100644 src/models/deepseek2ocr.cpp
 rename src/models/{gemma2-iswa.cpp => gemma2.cpp} (52%)
 rename src/models/{gemma3n-iswa.cpp => gemma3n.cpp} (75%)
 rename src/models/{gemma4-iswa.cpp => gemma4.cpp} (62%)
 create mode 100644 src/models/glm-dsa.cpp
 create mode 100644 src/models/granite-moe.cpp
 create mode 100644 src/models/hunyuan-vl.cpp
 create mode 100644 src/models/jina-bert-v2.cpp
 create mode 100644 src/models/jina-bert-v3.cpp
 create mode 100644 src/models/lfm2moe.cpp
 create mode 100644 src/models/llama-embed.cpp
 create mode 100644 src/models/mamba2.cpp
 delete mode 100644 src/models/mimo2-iswa.cpp
 create mode 100644 src/models/mimo2.cpp
 create mode 100644 src/models/minicpm.cpp
 create mode 100644 src/models/mistral4.cpp
 create mode 100644 src/models/nemotron-h-moe.cpp
 create mode 100644 src/models/nomic-bert-moe.cpp
 create mode 100644 src/models/nomic-bert.cpp
 rename src/models/{openai-moe-iswa.cpp => openai-moe.cpp} (51%)
 rename src/models/{pangu-embedded.cpp => pangu-embed.cpp} (52%)
 create mode 100644 src/models/phimoe.cpp
 rename src/models/{qwen3vl-moe.cpp => qwen3vlmoe.cpp} (57%)
 rename src/models/{step35-iswa.cpp => step35.cpp} (52%)
 create mode 100644 tests/test-recurrent-state-rollback.cpp
 create mode 100644 tools/mtmd/models/granite-speech.cpp
 create mode 100644 tools/mtmd/models/mimovl.cpp
 delete mode 100644 tools/server/public/bundle.css
 delete mode 100644 tools/server/public/bundle.js
 delete mode 100644 tools/server/public/index.html
 create mode 100644 tools/server/tests/unit/test_compat_gcp.py
 delete mode 100755 tools/server/webui/scripts/post-build.sh
 delete mode 100644 tools/server/webui/src/lib/components/app/actions/ActionIcon.svelte
 delete mode 100644 tools/server/webui/src/lib/components/app/actions/ActionIconCopyToClipboard.svelte
 delete mode 100644 tools/server/webui/src/lib/components/app/actions/ActionIconRemove.svelte
 delete mode 100644 tools/server/webui/src/lib/components/app/actions/ActionIconsCodeBlock.svelte
 delete mode 100644 tools/server/webui/src/lib/components/app/actions/index.ts
 delete mode 100644 tools/server/webui/src/lib/components/app/badges/BadgeModality.svelte
 delete mode 100644 tools/server/webui/src/lib/components/app/chat/ChatAttachments/ChatAttachmentPreview.svelte
 delete mode 100644 tools/server/webui/src/lib/components/app/chat/ChatAttachments/ChatAttachmentThumbnailFile.svelte
 delete mode 100644 tools/server/webui/src/lib/components/app/chat/ChatAttachments/ChatAttachmentsList.svelte
 delete mode 100644 tools/server/webui/src/lib/components/app/chat/ChatAttachments/ChatAttachmentsViewAll.svelte
 delete mode 100644 tools/server/webui/src/lib/components/app/chat/ChatForm/ChatFormActions/ChatFormActionAttachmentsDropdown.svelte
 delete mode 100644 tools/server/webui/src/lib/components/app/chat/ChatForm/ChatFormActions/ChatFormActionAttachmentsSheet.svelte
 delete mode 100644 tools/server/webui/src/lib/components/app/chat/ChatForm/ChatFormActions/ChatFormActions.svelte
 delete mode 100644 tools/server/webui/src/lib/components/app/chat/ChatForm/ChatFormHelperText.svelte
 delete mode 100644 tools/server/webui/src/lib/components/app/chat/ChatMessages/ChatMessageBranchingControls.svelte
 delete mode 100644 tools/server/webui/src/lib/components/app/chat/ChatMessages/ChatMessageUser.svelte
 delete mode 100644 tools/server/webui/src/lib/components/app/chat/ChatScreen/ChatScreenHeader.svelte
 delete mode 100644 tools/server/webui/src/lib/components/app/chat/ChatSettings/ChatSettings.svelte
 delete mode 100644 tools/server/webui/src/lib/components/app/chat/ChatSidebar/ChatSidebarActions.svelte
 delete mode 100644 tools/server/webui/src/lib/components/app/chat/ChatSidebar/handle-mobile-sidebar-item-click.ts
 delete mode 100644 tools/server/webui/src/lib/components/app/dialogs/DialogChatAttachmentPreview.svelte
 delete mode 100644 tools/server/webui/src/lib/components/app/dialogs/DialogChatAttachmentsViewAll.svelte
 delete mode 100644 tools/server/webui/src/lib/components/app/dialogs/DialogChatSettings.svelte
 delete mode 100644 tools/server/webui/src/lib/components/app/dialogs/DialogMcpServersSettings.svelte
 delete mode 100644 tools/server/webui/src/lib/components/app/mcp/McpActiveServersAvatars.svelte
 delete mode 100644 tools/server/webui/src/lib/components/app/mcp/McpServersSelector.svelte
 delete mode 100644 tools/server/webui/src/lib/components/app/mcp/McpServersSettings.svelte
 delete mode 100644 tools/server/webui/src/lib/components/app/models/ModelsSelector.svelte
 delete mode 100644 tools/server/webui/src/lib/components/app/models/ModelsSelectorSheet.svelte
 delete mode 100644 tools/server/webui/src/lib/components/app/navigation/index.ts
 delete mode 100644 tools/server/webui/src/lib/components/ui/dropdown-menu/dropdown-menu-sub-content.svelte
 delete mode 100644 tools/server/webui/src/lib/components/ui/sidebar/sidebar.svelte
 delete mode 100644 tools/server/webui/src/lib/constants/context-keys.ts
 delete mode 100644 tools/server/webui/src/lib/constants/favicon.ts
 delete mode 100644 tools/server/webui/src/lib/constants/localstorage-keys.ts
 delete mode 100644 tools/server/webui/src/lib/constants/settings-config.ts
 delete mode 100644 tools/server/webui/src/lib/constants/settings-fields.ts
 delete mode 100644 tools/server/webui/src/lib/constants/settings-sections.ts
 delete mode 100644 tools/server/webui/src/lib/constants/ui.ts
 delete mode 100644 tools/server/webui/src/lib/contexts/chat-settings-dialog.context.ts
 delete mode 100644 tools/server/webui/src/lib/enums/attachment.ts
 delete mode 100644 tools/server/webui/src/lib/services/parameter-sync.service.ts
 delete mode 100644 tools/server/webui/src/lib/utils/favicon.ts
 delete mode 100644 tools/server/webui/static/loading.html
 delete mode 100644 tools/server/webui/tests/stories/ChatSettings.stories.svelte
 delete mode 100644 tools/server/webui/vitest-setup-client.ts
 create mode 100644 tools/ui/.env.example
 rename tools/{server/webui => ui}/.gitignore (100%)
 rename tools/{server/webui => ui}/.npmrc (100%)
 rename tools/{server/webui => ui}/.prettierignore (100%)
 rename tools/{server/webui => ui}/.prettierrc (100%)
 rename tools/{server/webui/.storybook => ui/.storybook/decorators}/ModeWatcherDecorator.svelte (100%)
 rename tools/{server/webui/.storybook => ui/.storybook/decorators}/TooltipProviderDecorator.svelte (72%)
 rename tools/{server/webui => ui}/.storybook/main.ts (100%)
 rename tools/{server/webui => ui}/.storybook/preview.ts (80%)
 rename tools/{server/webui => ui}/.storybook/vitest.setup.ts (100%)
 create mode 100644 tools/ui/CMakeLists.txt
 rename tools/{server/webui => ui}/README.md (94%)
 rename tools/{server/webui => ui}/components.json (100%)
 rename tools/{server/webui => ui}/docs/architecture/high-level-architecture-simplified.md (100%)
 rename tools/{server/webui => ui}/docs/architecture/high-level-architecture.md (100%)
 rename tools/{server/webui => ui}/docs/flows/chat-flow.md (100%)
 rename tools/{server/webui => ui}/docs/flows/conversations-flow.md (100%)
 rename tools/{server/webui => ui}/docs/flows/data-flow-simplified-model-mode.md (100%)
 rename tools/{server/webui => ui}/docs/flows/data-flow-simplified-router-mode.md (100%)
 rename tools/{server/webui => ui}/docs/flows/database-flow.md (100%)
 rename tools/{server/webui => ui}/docs/flows/mcp-flow.md (100%)
 rename tools/{server/webui => ui}/docs/flows/models-flow.md (100%)
 rename tools/{server/webui => ui}/docs/flows/server-flow.md (100%)
 rename tools/{server/webui => ui}/docs/flows/settings-flow.md (98%)
 rename tools/{server/webui => ui}/eslint.config.js (93%)
 rename tools/{server/webui => ui}/package-lock.json (93%)
 rename tools/{server/webui => ui}/package.json (97%)
 rename tools/{server/webui => ui}/playwright.config.ts (70%)
 rename tools/{server/webui => ui}/scripts/dev.sh (86%)
 rename tools/{server/webui => ui}/scripts/install-git-hooks.sh (57%)
 rename tools/{server/webui => ui}/scripts/vite-plugin-llama-cpp-build.ts (64%)
 rename tools/{server/webui => ui}/src/app.css (94%)
 rename tools/{server/webui => ui}/src/app.d.ts (97%)
 rename tools/{server/webui => ui}/src/app.html (100%)
 rename tools/{server/webui => ui}/src/lib/actions/fade-in-view.svelte.ts (82%)
 create mode 100644 tools/ui/src/lib/components/app/SKILL.md
 create mode 100644 tools/ui/src/lib/components/app/actions/ActionIcon.svelte
 create mode 100644 tools/ui/src/lib/components/app/actions/ActionIconCopyToClipboard.svelte
 create mode 100644 tools/ui/src/lib/components/app/actions/index.ts
 rename tools/{server/webui => ui}/src/lib/components/app/badges/BadgeInfo.svelte (87%)
 create mode 100644 tools/ui/src/lib/components/app/badges/BadgesModality.svelte
 rename tools/{server/webui => ui}/src/lib/components/app/badges/index.ts (58%)
 create mode 100644 tools/ui/src/lib/components/app/chat/ChatAttachments/ChatAttachmentsList/ChatAttachmentsList.svelte
 create mode 100644 tools/ui/src/lib/components/app/chat/ChatAttachments/ChatAttachmentsList/ChatAttachmentsListItem/ChatAttachmentsListItem.svelte
 rename tools/{server/webui/src/lib/components/app/chat/ChatAttachments/ChatAttachmentMcpPrompt.svelte => ui/src/lib/components/app/chat/ChatAttachments/ChatAttachmentsList/ChatAttachmentsListItem/ChatAttachmentsListItemMcpPrompt.svelte} (75%)
 rename tools/{server/webui/src/lib/components/app/chat/ChatAttachments/ChatAttachmentMcpResource.svelte => ui/src/lib/components/app/chat/ChatAttachments/ChatAttachmentsList/ChatAttachmentsListItem/ChatAttachmentsListItemMcpResource.svelte} (81%)
 create mode 100644 tools/ui/src/lib/components/app/chat/ChatAttachments/ChatAttachmentsList/ChatAttachmentsListItem/ChatAttachmentsListItemThumbnailFile.svelte
 rename tools/{server/webui/src/lib/components/app/chat/ChatAttachments/ChatAttachmentThumbnailImage.svelte => ui/src/lib/components/app/chat/ChatAttachments/ChatAttachmentsList/ChatAttachmentsListItem/ChatAttachmentsListItemThumbnailImage.svelte} (61%)
 create mode 100644 tools/ui/src/lib/components/app/chat/ChatAttachments/ChatAttachmentsPreview.svelte
 create mode 100644 tools/ui/src/lib/components/app/chat/ChatAttachments/ChatAttachmentsPreview/ChatAttachmentsPreviewCurrentItem/ChatAttachmentsPreviewCurrentItem.svelte
 create mode 100644 tools/ui/src/lib/components/app/chat/ChatAttachments/ChatAttachmentsPreview/ChatAttachmentsPreviewCurrentItem/ChatAttachmentsPreviewCurrentItemAudio.svelte
 create mode 100644 tools/ui/src/lib/components/app/chat/ChatAttachments/ChatAttachmentsPreview/ChatAttachmentsPreviewCurrentItem/ChatAttachmentsPreviewCurrentItemImage.svelte
 create mode 100644 tools/ui/src/lib/components/app/chat/ChatAttachments/ChatAttachmentsPreview/ChatAttachmentsPreviewCurrentItem/ChatAttachmentsPreviewCurrentItemPdf.svelte
 create mode 100644 tools/ui/src/lib/components/app/chat/ChatAttachments/ChatAttachmentsPreview/ChatAttachmentsPreviewCurrentItem/ChatAttachmentsPreviewCurrentItemText.svelte
 create mode 100644 tools/ui/src/lib/components/app/chat/ChatAttachments/ChatAttachmentsPreview/ChatAttachmentsPreviewCurrentItem/ChatAttachmentsPreviewCurrentItemUnavailable.svelte
 create mode 100644 tools/ui/src/lib/components/app/chat/ChatAttachments/ChatAttachmentsPreview/ChatAttachmentsPreviewCurrentItem/ChatAttachmentsPreviewCurrentItemVideo.svelte
 create mode 100644 tools/ui/src/lib/components/app/chat/ChatAttachments/ChatAttachmentsPreview/ChatAttachmentsPreviewFileInfo.svelte
 create mode 100644 tools/ui/src/lib/components/app/chat/ChatAttachments/ChatAttachmentsPreview/ChatAttachmentsPreviewNavButtons.svelte
 create mode 100644 tools/ui/src/lib/components/app/chat/ChatAttachments/ChatAttachmentsPreview/ChatAttachmentsPreviewThumbnailStrip.svelte
 rename tools/{server/webui => ui}/src/lib/components/app/chat/ChatForm/ChatForm.svelte (87%)
 create mode 100644 tools/ui/src/lib/components/app/chat/ChatForm/ChatFormActions/ChatFormActionAdd/ChatFormActionAddButton.svelte
 create mode 100644 tools/ui/src/lib/components/app/chat/ChatForm/ChatFormActions/ChatFormActionAdd/ChatFormActionAddDropdown.svelte
 create mode 100644 tools/ui/src/lib/components/app/chat/ChatForm/ChatFormActions/ChatFormActionAdd/ChatFormActionAddMcpServersSubmenu.svelte
 create mode 100644 tools/ui/src/lib/components/app/chat/ChatForm/ChatFormActions/ChatFormActionAdd/ChatFormActionAddSheet.svelte
 create mode 100644 tools/ui/src/lib/components/app/chat/ChatForm/ChatFormActions/ChatFormActionAdd/ChatFormActionAddToolsSubmenu.svelte
 create mode 100644 tools/ui/src/lib/components/app/chat/ChatForm/ChatFormActions/ChatFormActionAdd/ChatFormActionsAdd.svelte
 create mode 100644 tools/ui/src/lib/components/app/chat/ChatForm/ChatFormActions/ChatFormActionModels.svelte
 rename tools/{server/webui => ui}/src/lib/components/app/chat/ChatForm/ChatFormActions/ChatFormActionRecord.svelte (100%)
 rename tools/{server/webui => ui}/src/lib/components/app/chat/ChatForm/ChatFormActions/ChatFormActionSubmit.svelte (65%)
 create mode 100644 tools/ui/src/lib/components/app/chat/ChatForm/ChatFormActions/ChatFormActions.svelte
 rename tools/{server/webui => ui}/src/lib/components/app/chat/ChatForm/ChatFormFileInputInvisible.svelte (99%)
 rename tools/{server/webui/src/lib/components/app/chat/ChatAttachments/ChatAttachmentMcpResources.svelte => ui/src/lib/components/app/chat/ChatForm/ChatFormMcpResourcesList.svelte} (81%)
 rename tools/{server/webui/src/lib/components/app/chat/ChatForm => ui/src/lib/components/app/chat/ChatForm/ChatFormPickers}/ChatFormPicker/ChatFormPickerItemHeader.svelte (100%)
 rename tools/{server/webui/src/lib/components/app/chat/ChatForm => ui/src/lib/components/app/chat/ChatForm/ChatFormPickers}/ChatFormPicker/ChatFormPickerList.svelte (96%)
 rename tools/{server/webui/src/lib/components/app/chat/ChatForm => ui/src/lib/components/app/chat/ChatForm/ChatFormPickers}/ChatFormPicker/ChatFormPickerListItem.svelte (79%)
 rename tools/{server/webui/src/lib/components/app/chat/ChatForm => ui/src/lib/components/app/chat/ChatForm/ChatFormPickers}/ChatFormPicker/ChatFormPickerListItemSkeleton.svelte (100%)
 rename tools/{server/webui/src/lib/components/app/chat/ChatForm => ui/src/lib/components/app/chat/ChatForm/ChatFormPickers/ChatFormPicker}/ChatFormPickerPopover.svelte (83%)
 rename tools/{server/webui/src/lib/components/app/chat/ChatForm/ChatFormPromptPicker/ChatFormPromptPicker.svelte => ui/src/lib/components/app/chat/ChatForm/ChatFormPickers/ChatFormPickerMcpPrompts/ChatFormPickerMcpPrompts.svelte} (96%)
 rename tools/{server/webui/src/lib/components/app/chat/ChatForm/ChatFormPromptPicker => ui/src/lib/components/app/chat/ChatForm/ChatFormPickers/ChatFormPickerMcpPrompts}/ChatFormPromptPickerArgumentForm.svelte (100%)
 rename tools/{server/webui/src/lib/components/app/chat/ChatForm/ChatFormPromptPicker => ui/src/lib/components/app/chat/ChatForm/ChatFormPickers/ChatFormPickerMcpPrompts}/ChatFormPromptPickerArgumentInput.svelte (100%)
 rename tools/{server/webui/src/lib/components/app/chat/ChatForm/ChatFormResourcePicker/ChatFormResourcePicker.svelte => ui/src/lib/components/app/chat/ChatForm/ChatFormPickers/ChatFormPickerMcpResources.svelte} (97%)
 create mode 100644 tools/ui/src/lib/components/app/chat/ChatForm/ChatFormPickers/ChatFormPickers.svelte
 rename tools/{server/webui => ui}/src/lib/components/app/chat/ChatForm/ChatFormTextarea.svelte (84%)
 rename tools/{server/webui/src/lib/components/app/chat/ChatMessages => ui/src/lib/components/app/chat/ChatMessages/ChatMessage}/ChatMessage.svelte (60%)
 rename tools/{server/webui/src/lib/components/app/chat/ChatMessages => ui/src/lib/components/app/chat/ChatMessages/ChatMessage/ChatMessageAssistant}/ChatMessageAssistant.svelte (79%)
 rename tools/{server/webui/src/lib/components/app/chat/ChatMessages => ui/src/lib/components/app/chat/ChatMessages/ChatMessage/ChatMessageMcpPrompt}/ChatMessageMcpPrompt.svelte (97%)
 rename tools/{server/webui/src/lib/components/app/chat/ChatMessages => ui/src/lib/components/app/chat/ChatMessages/ChatMessage/ChatMessageMcpPrompt}/ChatMessageMcpPromptContent.svelte (100%)
 rename tools/{server/webui/src/lib/components/app/chat/ChatMessages => ui/src/lib/components/app/chat/ChatMessages/ChatMessage/ChatMessageSystem}/ChatMessageSystem.svelte (97%)
 create mode 100644 tools/ui/src/lib/components/app/chat/ChatMessages/ChatMessage/ChatMessageUser/ChatMessageUser.svelte
 create mode 100644 tools/ui/src/lib/components/app/chat/ChatMessages/ChatMessage/ChatMessageUser/ChatMessageUserBubble.svelte
 create mode 100644 tools/ui/src/lib/components/app/chat/ChatMessages/ChatMessage/ChatMessageUser/ChatMessageUserPending.svelte
 create mode 100644 tools/ui/src/lib/components/app/chat/ChatMessages/ChatMessageActions/ChatMessageActionCard/ChatMessageActionCard.svelte
 create mode 100644 tools/ui/src/lib/components/app/chat/ChatMessages/ChatMessageActions/ChatMessageActionCard/ChatMessageActionCardContinueRequest.svelte
 create mode 100644 tools/ui/src/lib/components/app/chat/ChatMessages/ChatMessageActions/ChatMessageActionCard/ChatMessageActionCardPermissionRequest.svelte
 rename tools/{server/webui/src/lib/components/app/chat/ChatMessages/ChatMessageActions.svelte => ui/src/lib/components/app/chat/ChatMessages/ChatMessageActions/ChatMessageActionIcons/ChatMessageActionIcons.svelte} (97%)
 create mode 100644 tools/ui/src/lib/components/app/chat/ChatMessages/ChatMessageActions/ChatMessageActionIcons/ChatMessageActionIconsBranchingControls.svelte
 rename tools/{server/webui => ui}/src/lib/components/app/chat/ChatMessages/ChatMessageAgenticContent.svelte (79%)
 rename tools/{server/webui => ui}/src/lib/components/app/chat/ChatMessages/ChatMessageEditForm.svelte (78%)
 rename tools/{server/webui/src/lib/components/app/chat/ChatMessages => ui/src/lib/components/app/chat/ChatMessages/ChatMessageStatistics}/ChatMessageStatistics.svelte (94%)
 rename tools/{server/webui/src/lib/components/app/badges/BadgeChatStatistic.svelte => ui/src/lib/components/app/chat/ChatMessages/ChatMessageStatistics/ChatMessageStatisticsBadge.svelte} (82%)
 rename tools/{server/webui => ui}/src/lib/components/app/chat/ChatMessages/ChatMessages.svelte (62%)
 rename tools/{server/webui => ui}/src/lib/components/app/chat/ChatScreen/ChatScreen.svelte (65%)
 create mode 100644 tools/ui/src/lib/components/app/chat/ChatScreen/ChatScreenActionScrollDown.svelte
 rename tools/{server/webui => ui}/src/lib/components/app/chat/ChatScreen/ChatScreenDragOverlay.svelte (100%)
 rename tools/{server/webui => ui}/src/lib/components/app/chat/ChatScreen/ChatScreenForm.svelte (77%)
 rename tools/{server/webui => ui}/src/lib/components/app/chat/ChatScreen/ChatScreenProcessingInfo.svelte (90%)
 rename tools/{server/webui => ui}/src/lib/components/app/chat/index.ts (67%)
 rename tools/{server/webui => ui}/src/lib/components/app/content/CollapsibleContentBlock.svelte (96%)
 rename tools/{server/webui/src/lib/components/app/content => ui/src/lib/components/app/content/MarkdownContent}/MarkdownContent.svelte (97%)
 rename tools/{server/webui/src/lib/markdown => ui/src/lib/components/app/content/MarkdownContent/plugins/rehype}/enhance-code-blocks.ts (88%)
 rename tools/{server/webui/src/lib/markdown => ui/src/lib/components/app/content/MarkdownContent/plugins/rehype}/enhance-links.ts (100%)
 rename tools/{server/webui/src/lib/markdown => ui/src/lib/components/app/content/MarkdownContent/plugins/rehype}/rehype-rtl-support.ts (100%)
 rename tools/{server/webui/src/lib/markdown => ui/src/lib/components/app/content/MarkdownContent/plugins/rehype}/resolve-attachment-images.ts (100%)
 rename tools/{server/webui/src/lib/markdown => ui/src/lib/components/app/content/MarkdownContent/plugins/rehype}/table-html-restorer.ts (100%)
 rename tools/{server/webui/src/lib/markdown => ui/src/lib/components/app/content/MarkdownContent/plugins/remark}/literal-html.ts (100%)
 rename tools/{server/webui => ui}/src/lib/components/app/content/SyntaxHighlightedCode.svelte (92%)
 rename tools/{server/webui => ui}/src/lib/components/app/content/index.ts (96%)
 create mode 100644 tools/ui/src/lib/components/app/dialogs/DialogChatAttachmentsPreview.svelte
 rename tools/{server/webui => ui}/src/lib/components/app/dialogs/DialogChatError.svelte (99%)
 rename tools/{server/webui => ui}/src/lib/components/app/dialogs/DialogCodePreview.svelte (99%)
 rename tools/{server/webui => ui}/src/lib/components/app/dialogs/DialogConfirmation.svelte (99%)
 rename tools/{server/webui => ui}/src/lib/components/app/dialogs/DialogConversationSelection.svelte (99%)
 rename tools/{server/webui => ui}/src/lib/components/app/dialogs/DialogConversationTitleUpdate.svelte (100%)
 rename tools/{server/webui => ui}/src/lib/components/app/dialogs/DialogEmptyFileAlert.svelte (100%)
 create mode 100644 tools/ui/src/lib/components/app/dialogs/DialogExportSettings.svelte
 create mode 100644 tools/ui/src/lib/components/app/dialogs/DialogFileUploadError.svelte
 rename tools/{server/webui => ui}/src/lib/components/app/dialogs/DialogMcpResourcePreview.svelte (99%)
 rename tools/{server/webui/src/lib/components/app/dialogs/DialogMcpResources.svelte => ui/src/lib/components/app/dialogs/DialogMcpResourcesBrowser.svelte} (99%)
 create mode 100644 tools/ui/src/lib/components/app/dialogs/DialogMcpServerAddNew.svelte
 rename tools/{server/webui => ui}/src/lib/components/app/dialogs/DialogModelInformation.svelte (98%)
 rename tools/{server/webui => ui}/src/lib/components/app/dialogs/DialogModelNotAvailable.svelte (100%)
 rename tools/{server/webui => ui}/src/lib/components/app/dialogs/index.ts (76%)
 rename tools/{server/webui => ui}/src/lib/components/app/forms/InputWithSuggestions.svelte (100%)
 rename tools/{server/webui => ui}/src/lib/components/app/forms/KeyValuePairs.svelte (100%)
 rename tools/{server/webui => ui}/src/lib/components/app/forms/SearchInput.svelte (80%)
 rename tools/{server/webui => ui}/src/lib/components/app/forms/index.ts (100%)
 rename tools/{server/webui => ui}/src/lib/components/app/index.ts (91%)
 create mode 100644 tools/ui/src/lib/components/app/mcp/McpActiveServersAvatars.svelte
 rename tools/{server/webui => ui}/src/lib/components/app/mcp/McpCapabilitiesBadges.svelte (100%)
 rename tools/{server/webui => ui}/src/lib/components/app/mcp/McpConnectionLogs.svelte (90%)
 rename tools/{server/webui => ui}/src/lib/components/app/mcp/McpLogo.svelte (100%)
 rename tools/{server/webui => ui}/src/lib/components/app/mcp/McpResourcePreview.svelte (98%)
 rename tools/{server/webui => ui}/src/lib/components/app/mcp/McpResourceTemplateForm.svelte (100%)
 rename tools/{server/webui/src/lib/components/app/mcp/McpResourceBrowser/McpResourceBrowser.svelte => ui/src/lib/components/app/mcp/McpResourcesBrowser/McpResourcesBrowser.svelte} (89%)
 rename tools/{server/webui/src/lib/components/app/mcp/McpResourceBrowser/McpResourceBrowserEmptyState.svelte => ui/src/lib/components/app/mcp/McpResourcesBrowser/McpResourcesBrowserEmptyState.svelte} (100%)
 rename tools/{server/webui/src/lib/components/app/mcp/McpResourceBrowser/McpResourceBrowserHeader.svelte => ui/src/lib/components/app/mcp/McpResourcesBrowser/McpResourcesBrowserHeader.svelte} (100%)
 rename tools/{server/webui/src/lib/components/app/mcp/McpResourceBrowser/McpResourceBrowserServerItem.svelte => ui/src/lib/components/app/mcp/McpResourcesBrowser/McpResourcesBrowserServerItem.svelte} (91%)
 rename tools/{server/webui/src/lib/components/app/mcp/McpResourceBrowser/mcp-resource-browser.ts => ui/src/lib/components/app/mcp/McpResourcesBrowser/mcp-resources-browser.ts} (100%)
 rename tools/{server/webui => ui}/src/lib/components/app/mcp/McpServerCard/McpServerCard.svelte (97%)
 rename tools/{server/webui => ui}/src/lib/components/app/mcp/McpServerCard/McpServerCardActions.svelte (100%)
 rename tools/{server/webui => ui}/src/lib/components/app/mcp/McpServerCard/McpServerCardDeleteDialog.svelte (100%)
 rename tools/{server/webui => ui}/src/lib/components/app/mcp/McpServerCard/McpServerCardEditForm.svelte (100%)
 rename tools/{server/webui => ui}/src/lib/components/app/mcp/McpServerCard/McpServerCardHeader.svelte (53%)
 rename tools/{server/webui => ui}/src/lib/components/app/mcp/McpServerCard/McpServerCardToolsList.svelte (100%)
 rename tools/{server/webui => ui}/src/lib/components/app/mcp/McpServerCardSkeleton.svelte (100%)
 rename tools/{server/webui => ui}/src/lib/components/app/mcp/McpServerForm.svelte (91%)
 create mode 100644 tools/ui/src/lib/components/app/mcp/McpServerIdentity.svelte
 rename tools/{server/webui => ui}/src/lib/components/app/mcp/McpServerInfo.svelte (100%)
 rename tools/{server/webui => ui}/src/lib/components/app/mcp/index.ts (88%)
 create mode 100644 tools/ui/src/lib/components/app/misc/CodeBlockActions.svelte
 rename tools/{server/webui => ui}/src/lib/components/app/misc/ConversationSelection.svelte (86%)
 rename tools/{server/webui => ui}/src/lib/components/app/misc/HorizontalScrollCarousel.svelte (88%)
 rename tools/{server/webui => ui}/src/lib/components/app/misc/KeyboardShortcutInfo.svelte (100%)
 rename tools/{server/webui => ui}/src/lib/components/app/misc/TruncatedText.svelte (88%)
 rename tools/{server/webui => ui}/src/lib/components/app/misc/index.ts (83%)
 rename tools/{server/webui => ui}/src/lib/components/app/models/ModelBadge.svelte (100%)
 rename tools/{server/webui => ui}/src/lib/components/app/models/ModelId.svelte (67%)
 create mode 100644 tools/ui/src/lib/components/app/models/ModelsSelectorDropdown.svelte
 rename tools/{server/webui => ui}/src/lib/components/app/models/ModelsSelectorList.svelte (92%)
 rename tools/{server/webui => ui}/src/lib/components/app/models/ModelsSelectorOption.svelte (84%)
 create mode 100644 tools/ui/src/lib/components/app/models/ModelsSelectorSheet.svelte
 rename tools/{server/webui => ui}/src/lib/components/app/models/index.ts (88%)
 rename tools/{server/webui => ui}/src/lib/components/app/models/utils.ts (100%)
 create mode 100644 tools/ui/src/lib/components/app/navigation/DesktopIconStrip.svelte
 rename tools/{server/webui => ui}/src/lib/components/app/navigation/DropdownMenuActions.svelte (100%)
 rename tools/{server/webui => ui}/src/lib/components/app/navigation/DropdownMenuSearchable.svelte (100%)
 rename tools/{server/webui/src/lib/components/app/chat/ChatSidebar/ChatSidebar.svelte => ui/src/lib/components/app/navigation/SidebarNavigation/SidebarNavigation.svelte} (56%)
 create mode 100644 tools/ui/src/lib/components/app/navigation/SidebarNavigation/SidebarNavigationActions.svelte
 rename tools/{server/webui/src/lib/components/app/chat/ChatSidebar/ChatSidebarConversationItem.svelte => ui/src/lib/components/app/navigation/SidebarNavigation/SidebarNavigationConversationItem.svelte} (93%)
 rename tools/{server/webui/src/lib/components/app/chat/ChatSidebar/ChatSidebarSearch.svelte => ui/src/lib/components/app/navigation/SidebarNavigation/SidebarNavigationSearch.svelte} (100%)
 create mode 100644 tools/ui/src/lib/components/app/navigation/index.ts
 rename tools/{server/webui => ui}/src/lib/components/app/server/ServerErrorSplash.svelte (97%)
 rename tools/{server/webui => ui}/src/lib/components/app/server/ServerLoadingSplash.svelte (94%)
 rename tools/{server/webui => ui}/src/lib/components/app/server/ServerStatus.svelte (100%)
 rename tools/{server/webui => ui}/src/lib/components/app/server/index.ts (100%)
 create mode 100644 tools/ui/src/lib/components/app/settings/SettingsChat/SettingsChat.svelte
 rename tools/{server/webui/src/lib/components/app/chat/ChatSettings/ChatSettingsFields.svelte => ui/src/lib/components/app/settings/SettingsChat/SettingsChatFields.svelte} (82%)
 create mode 100644 tools/ui/src/lib/components/app/settings/SettingsChat/SettingsChatImportExportSection.svelte
 rename tools/{server/webui/src/lib/components/app/chat/ChatSettings/ChatSettingsImportExportTab.svelte => ui/src/lib/components/app/settings/SettingsChat/SettingsChatImportExportTab.svelte} (52%)
 rename tools/{server/webui/src/lib/components/app/chat/ChatSettings/ChatSettingsParameterSourceIndicator.svelte => ui/src/lib/components/app/settings/SettingsChat/SettingsChatParameterSourceIndicator.svelte} (99%)
 create mode 100644 tools/ui/src/lib/components/app/settings/SettingsChat/SettingsChatToolsTab.svelte
 create mode 100644 tools/ui/src/lib/components/app/settings/SettingsChatDesktopSidebar.svelte
 create mode 100644 tools/ui/src/lib/components/app/settings/SettingsChatMobileHeader.svelte
 rename tools/{server/webui/src/lib/components/app/chat/ChatSettings/ChatSettingsFooter.svelte => ui/src/lib/components/app/settings/SettingsFooter.svelte} (95%)
 create mode 100644 tools/ui/src/lib/components/app/settings/SettingsGroup.svelte
 create mode 100644 tools/ui/src/lib/components/app/settings/SettingsMcpServers.svelte
 create mode 100644 tools/ui/src/lib/components/app/settings/index.ts
 rename tools/{server/webui => ui}/src/lib/components/ui/alert-dialog/alert-dialog-action.svelte (100%)
 rename tools/{server/webui => ui}/src/lib/components/ui/alert-dialog/alert-dialog-cancel.svelte (100%)
 rename tools/{server/webui => ui}/src/lib/components/ui/alert-dialog/alert-dialog-content.svelte (94%)
 rename tools/{server/webui => ui}/src/lib/components/ui/alert-dialog/alert-dialog-description.svelte (100%)
 rename tools/{server/webui => ui}/src/lib/components/ui/alert-dialog/alert-dialog-footer.svelte (100%)
 rename tools/{server/webui => ui}/src/lib/components/ui/alert-dialog/alert-dialog-header.svelte (100%)
 rename tools/{server/webui => ui}/src/lib/components/ui/alert-dialog/alert-dialog-overlay.svelte (77%)
 rename tools/{server/webui => ui}/src/lib/components/ui/alert-dialog/alert-dialog-title.svelte (100%)
 rename tools/{server/webui => ui}/src/lib/components/ui/alert-dialog/alert-dialog-trigger.svelte (100%)
 rename tools/{server/webui => ui}/src/lib/components/ui/alert-dialog/index.ts (100%)
 rename tools/{server/webui => ui}/src/lib/components/ui/alert/alert-description.svelte (100%)
 rename tools/{server/webui => ui}/src/lib/components/ui/alert/alert-title.svelte (100%)
 rename tools/{server/webui => ui}/src/lib/components/ui/alert/alert.svelte (100%)
 rename tools/{server/webui => ui}/src/lib/components/ui/alert/index.ts (100%)
 rename tools/{server/webui => ui}/src/lib/components/ui/badge/badge.svelte (100%)
 rename tools/{server/webui => ui}/src/lib/components/ui/badge/index.ts (100%)
 create mode 100644 tools/ui/src/lib/components/ui/button-group/button-group-root.svelte
 create mode 100644 tools/ui/src/lib/components/ui/button-group/button-group-separator.svelte
 create mode 100644 tools/ui/src/lib/components/ui/button-group/index.ts
 rename tools/{server/webui => ui}/src/lib/components/ui/button/button.svelte (84%)
 rename tools/{server/webui => ui}/src/lib/components/ui/button/index.ts (100%)
 rename tools/{server/webui => ui}/src/lib/components/ui/card/card-action.svelte (100%)
 rename tools/{server/webui => ui}/src/lib/components/ui/card/card-content.svelte (100%)
 rename tools/{server/webui => ui}/src/lib/components/ui/card/card-description.svelte (100%)
 rename tools/{server/webui => ui}/src/lib/components/ui/card/card-footer.svelte (100%)
 rename tools/{server/webui => ui}/src/lib/components/ui/card/card-header.svelte (100%)
 rename tools/{server/webui => ui}/src/lib/components/ui/card/card-title.svelte (100%)
 rename tools/{server/webui => ui}/src/lib/components/ui/card/card.svelte (100%)
 rename tools/{server/webui => ui}/src/lib/components/ui/card/index.ts (100%)
 rename tools/{server/webui => ui}/src/lib/components/ui/checkbox/checkbox.svelte (100%)
 rename tools/{server/webui => ui}/src/lib/components/ui/checkbox/index.ts (100%)
 rename tools/{server/webui => ui}/src/lib/components/ui/collapsible/collapsible-content.svelte (100%)
 rename tools/{server/webui => ui}/src/lib/components/ui/collapsible/collapsible-trigger.svelte (100%)
 rename tools/{server/webui => ui}/src/lib/components/ui/collapsible/collapsible.svelte (100%)
 rename tools/{server/webui => ui}/src/lib/components/ui/collapsible/index.ts (100%)
 rename tools/{server/webui => ui}/src/lib/components/ui/dialog/dialog-close.svelte (100%)
 rename tools/{server/webui => ui}/src/lib/components/ui/dialog/dialog-content.svelte (87%)
 rename tools/{server/webui => ui}/src/lib/components/ui/dialog/dialog-description.svelte (100%)
 rename tools/{server/webui => ui}/src/lib/components/ui/dialog/dialog-footer.svelte (100%)
 rename tools/{server/webui => ui}/src/lib/components/ui/dialog/dialog-header.svelte (100%)
 rename tools/{server/webui => ui}/src/lib/components/ui/dialog/dialog-overlay.svelte (76%)
 rename tools/{server/webui => ui}/src/lib/components/ui/dialog/dialog-title.svelte (100%)
 rename tools/{server/webui => ui}/src/lib/components/ui/dialog/dialog-trigger.svelte (100%)
 rename tools/{server/webui => ui}/src/lib/components/ui/dialog/index.ts (100%)
 rename tools/{server/webui => ui}/src/lib/components/ui/dropdown-menu/dropdown-menu-checkbox-item.svelte (100%)
 rename tools/{server/webui => ui}/src/lib/components/ui/dropdown-menu/dropdown-menu-content.svelte (82%)
 rename tools/{server/webui => ui}/src/lib/components/ui/dropdown-menu/dropdown-menu-group-heading.svelte (100%)
 rename tools/{server/webui => ui}/src/lib/components/ui/dropdown-menu/dropdown-menu-group.svelte (100%)
 rename tools/{server/webui => ui}/src/lib/components/ui/dropdown-menu/dropdown-menu-item.svelte (100%)
 rename tools/{server/webui => ui}/src/lib/components/ui/dropdown-menu/dropdown-menu-label.svelte (100%)
 rename tools/{server/webui => ui}/src/lib/components/ui/dropdown-menu/dropdown-menu-radio-group.svelte (100%)
 rename tools/{server/webui => ui}/src/lib/components/ui/dropdown-menu/dropdown-menu-radio-item.svelte (100%)
 rename tools/{server/webui => ui}/src/lib/components/ui/dropdown-menu/dropdown-menu-separator.svelte (100%)
 rename tools/{server/webui => ui}/src/lib/components/ui/dropdown-menu/dropdown-menu-shortcut.svelte (100%)
 create mode 100644 tools/ui/src/lib/components/ui/dropdown-menu/dropdown-menu-sub-content.svelte
 rename tools/{server/webui => ui}/src/lib/components/ui/dropdown-menu/dropdown-menu-sub-trigger.svelte (100%)
 rename tools/{server/webui => ui}/src/lib/components/ui/dropdown-menu/dropdown-menu-trigger.svelte (100%)
 rename tools/{server/webui => ui}/src/lib/components/ui/dropdown-menu/index.ts (100%)
 rename tools/{server/webui => ui}/src/lib/components/ui/input/index.ts (100%)
 rename tools/{server/webui => ui}/src/lib/components/ui/input/input.svelte (100%)
 rename tools/{server/webui => ui}/src/lib/components/ui/label/index.ts (100%)
 rename tools/{server/webui => ui}/src/lib/components/ui/label/label.svelte (100%)
 rename tools/{server/webui => ui}/src/lib/components/ui/popover/index.ts (100%)
 rename tools/{server/webui => ui}/src/lib/components/ui/popover/popover-close.svelte (100%)
 rename tools/{server/webui => ui}/src/lib/components/ui/popover/popover-content.svelte (84%)
 rename tools/{server/webui => ui}/src/lib/components/ui/popover/popover-portal.svelte (100%)
 rename tools/{server/webui => ui}/src/lib/components/ui/popover/popover-trigger.svelte (100%)
 rename tools/{server/webui => ui}/src/lib/components/ui/popover/popover.svelte (100%)
 rename tools/{server/webui => ui}/src/lib/components/ui/scroll-area/index.ts (100%)
 rename tools/{server/webui => ui}/src/lib/components/ui/scroll-area/scroll-area-scrollbar.svelte (100%)
 rename tools/{server/webui => ui}/src/lib/components/ui/scroll-area/scroll-area.svelte (100%)
 rename tools/{server/webui => ui}/src/lib/components/ui/select/index.ts (100%)
 rename tools/{server/webui => ui}/src/lib/components/ui/select/select-content.svelte (94%)
 rename tools/{server/webui => ui}/src/lib/components/ui/select/select-group-heading.svelte (100%)
 rename tools/{server/webui => ui}/src/lib/components/ui/select/select-group.svelte (100%)
 rename tools/{server/webui => ui}/src/lib/components/ui/select/select-item.svelte (100%)
 rename tools/{server/webui => ui}/src/lib/components/ui/select/select-label.svelte (100%)
 rename tools/{server/webui => ui}/src/lib/components/ui/select/select-scroll-down-button.svelte (100%)
 rename tools/{server/webui => ui}/src/lib/components/ui/select/select-scroll-up-button.svelte (100%)
 rename tools/{server/webui => ui}/src/lib/components/ui/select/select-separator.svelte (100%)
 rename tools/{server/webui => ui}/src/lib/components/ui/select/select-trigger.svelte (100%)
 rename tools/{server/webui => ui}/src/lib/components/ui/separator/index.ts (100%)
 rename tools/{server/webui => ui}/src/lib/components/ui/separator/separator.svelte (100%)
 rename tools/{server/webui => ui}/src/lib/components/ui/sheet/index.ts (100%)
 rename tools/{server/webui => ui}/src/lib/components/ui/sheet/sheet-close.svelte (100%)
 rename tools/{server/webui => ui}/src/lib/components/ui/sheet/sheet-content.svelte (90%)
 rename tools/{server/webui => ui}/src/lib/components/ui/sheet/sheet-description.svelte (100%)
 rename tools/{server/webui => ui}/src/lib/components/ui/sheet/sheet-footer.svelte (100%)
 rename tools/{server/webui => ui}/src/lib/components/ui/sheet/sheet-header.svelte (100%)
 rename tools/{server/webui => ui}/src/lib/components/ui/sheet/sheet-overlay.svelte (76%)
 rename tools/{server/webui => ui}/src/lib/components/ui/sheet/sheet-title.svelte (100%)
 rename tools/{server/webui => ui}/src/lib/components/ui/sheet/sheet-trigger.svelte (100%)
 rename tools/{server/webui => ui}/src/lib/components/ui/sidebar/constants.ts (74%)
 rename tools/{server/webui => ui}/src/lib/components/ui/sidebar/context.svelte.ts (92%)
 rename tools/{server/webui => ui}/src/lib/components/ui/sidebar/index.ts (100%)
 rename tools/{server/webui => ui}/src/lib/components/ui/sidebar/sidebar-content.svelte (100%)
 rename tools/{server/webui => ui}/src/lib/components/ui/sidebar/sidebar-footer.svelte (89%)
 rename tools/{server/webui => ui}/src/lib/components/ui/sidebar/sidebar-group-action.svelte (100%)
 rename tools/{server/webui => ui}/src/lib/components/ui/sidebar/sidebar-group-content.svelte (100%)
 rename tools/{server/webui => ui}/src/lib/components/ui/sidebar/sidebar-group-label.svelte (100%)
 rename tools/{server/webui => ui}/src/lib/components/ui/sidebar/sidebar-group.svelte (100%)
 rename tools/{server/webui => ui}/src/lib/components/ui/sidebar/sidebar-header.svelte (100%)
 rename tools/{server/webui => ui}/src/lib/components/ui/sidebar/sidebar-input.svelte (100%)
 rename tools/{server/webui => ui}/src/lib/components/ui/sidebar/sidebar-inset.svelte (100%)
 rename tools/{server/webui => ui}/src/lib/components/ui/sidebar/sidebar-menu-action.svelte (100%)
 rename tools/{server/webui => ui}/src/lib/components/ui/sidebar/sidebar-menu-badge.svelte (100%)
 rename tools/{server/webui => ui}/src/lib/components/ui/sidebar/sidebar-menu-button.svelte (91%)
 rename tools/{server/webui => ui}/src/lib/components/ui/sidebar/sidebar-menu-item.svelte (100%)
 rename tools/{server/webui => ui}/src/lib/components/ui/sidebar/sidebar-menu-skeleton.svelte (100%)
 rename tools/{server/webui => ui}/src/lib/components/ui/sidebar/sidebar-menu-sub-button.svelte (100%)
 rename tools/{server/webui => ui}/src/lib/components/ui/sidebar/sidebar-menu-sub-item.svelte (100%)
 rename tools/{server/webui => ui}/src/lib/components/ui/sidebar/sidebar-menu-sub.svelte (100%)
 rename tools/{server/webui => ui}/src/lib/components/ui/sidebar/sidebar-menu.svelte (100%)
 rename tools/{server/webui => ui}/src/lib/components/ui/sidebar/sidebar-provider.svelte (83%)
 rename tools/{server/webui => ui}/src/lib/components/ui/sidebar/sidebar-rail.svelte (100%)
 rename tools/{server/webui => ui}/src/lib/components/ui/sidebar/sidebar-separator.svelte (100%)
 rename tools/{server/webui => ui}/src/lib/components/ui/sidebar/sidebar-trigger.svelte (69%)
 create mode 100644 tools/ui/src/lib/components/ui/sidebar/sidebar.svelte
 rename tools/{server/webui => ui}/src/lib/components/ui/skeleton/index.ts (100%)
 rename tools/{server/webui => ui}/src/lib/components/ui/skeleton/skeleton.svelte (100%)
 rename tools/{server/webui => ui}/src/lib/components/ui/switch/index.ts (100%)
 rename tools/{server/webui => ui}/src/lib/components/ui/switch/switch.svelte (100%)
 rename tools/{server/webui => ui}/src/lib/components/ui/table/index.ts (100%)
 rename tools/{server/webui => ui}/src/lib/components/ui/table/table-body.svelte (100%)
 rename tools/{server/webui => ui}/src/lib/components/ui/table/table-caption.svelte (100%)
 rename tools/{server/webui => ui}/src/lib/components/ui/table/table-cell.svelte (100%)
 rename tools/{server/webui => ui}/src/lib/components/ui/table/table-footer.svelte (100%)
 rename tools/{server/webui => ui}/src/lib/components/ui/table/table-head.svelte (100%)
 rename tools/{server/webui => ui}/src/lib/components/ui/table/table-header.svelte (100%)
 rename tools/{server/webui => ui}/src/lib/components/ui/table/table-row.svelte (100%)
 rename tools/{server/webui => ui}/src/lib/components/ui/table/table.svelte (100%)
 rename tools/{server/webui => ui}/src/lib/components/ui/textarea/index.ts (100%)
 rename tools/{server/webui => ui}/src/lib/components/ui/textarea/textarea.svelte (100%)
 rename tools/{server/webui => ui}/src/lib/components/ui/tooltip/index.ts (100%)
 rename tools/{server/webui => ui}/src/lib/components/ui/tooltip/tooltip-content.svelte (95%)
 rename tools/{server/webui => ui}/src/lib/components/ui/tooltip/tooltip-trigger.svelte (61%)
 rename tools/{server/webui => ui}/src/lib/components/ui/utils.ts (100%)
 rename tools/{server/webui => ui}/src/lib/constants/agentic.ts (90%)
 rename tools/{server/webui => ui}/src/lib/constants/api-endpoints.ts (73%)
 rename tools/{server/webui => ui}/src/lib/constants/attachment-labels.ts (100%)
 create mode 100644 tools/ui/src/lib/constants/attachment-menu.ts
 rename tools/{server/webui => ui}/src/lib/constants/auto-scroll.ts (100%)
 rename tools/{server/webui => ui}/src/lib/constants/binary-detection.ts (100%)
 rename tools/{server/webui => ui}/src/lib/constants/cache.ts (100%)
 rename tools/{server/webui => ui}/src/lib/constants/chat-form.ts (81%)
 create mode 100644 tools/ui/src/lib/constants/cli-flags.ts
 rename tools/{server/webui => ui}/src/lib/constants/code-blocks.ts (100%)
 rename tools/{server/webui => ui}/src/lib/constants/code.ts (100%)
 create mode 100644 tools/ui/src/lib/constants/context-keys.ts
 rename tools/{server/webui => ui}/src/lib/constants/css-classes.ts (100%)
 create mode 100644 tools/ui/src/lib/constants/database.ts
 rename tools/{server/webui => ui}/src/lib/constants/floating-ui-constraints.ts (100%)
 rename tools/{server/webui => ui}/src/lib/constants/formatters.ts (100%)
 rename tools/{server/webui => ui}/src/lib/constants/icons.ts (77%)
 rename tools/{server/webui => ui}/src/lib/constants/index.ts (80%)
 rename tools/{server/webui => ui}/src/lib/constants/key-value-pairs.ts (100%)
 rename tools/{server/webui => ui}/src/lib/constants/latex-protection.ts (100%)
 rename tools/{server/webui => ui}/src/lib/constants/literal-html.ts (100%)
 rename tools/{server/webui => ui}/src/lib/constants/markdown.ts (100%)
 rename tools/{server/webui => ui}/src/lib/constants/max-bundle-size.ts (100%)
 rename tools/{server/webui => ui}/src/lib/constants/mcp-form.ts (100%)
 rename tools/{server/webui => ui}/src/lib/constants/mcp-resource.ts (100%)
 rename tools/{server/webui => ui}/src/lib/constants/mcp.ts (89%)
 rename tools/{server/webui => ui}/src/lib/constants/message-export.ts (100%)
 rename tools/{server/webui => ui}/src/lib/constants/model-id.ts (100%)
 rename tools/{server/webui => ui}/src/lib/constants/precision.ts (100%)
 rename tools/{server/webui => ui}/src/lib/constants/processing-info.ts (100%)
 create mode 100644 tools/ui/src/lib/constants/routes.ts
 rename tools/{server/webui => ui}/src/lib/constants/settings-keys.ts (88%)
 create mode 100644 tools/ui/src/lib/constants/settings-registry.ts
 create mode 100644 tools/ui/src/lib/constants/storage.ts
 rename tools/{server/webui => ui}/src/lib/constants/supported-file-types.ts (93%)
 rename tools/{server/webui => ui}/src/lib/constants/table-html-restorer.ts (100%)
 create mode 100644 tools/ui/src/lib/constants/title-generation.ts
 create mode 100644 tools/ui/src/lib/constants/tools.ts
 rename tools/{server/webui => ui}/src/lib/constants/tooltip-config.ts (100%)
 create mode 100644 tools/ui/src/lib/constants/ui.ts
 rename tools/{server/webui => ui}/src/lib/constants/uri-template.ts (100%)
 create mode 100644 tools/ui/src/lib/constants/url.ts
 rename tools/{server/webui => ui}/src/lib/constants/viewport.ts (100%)
 rename tools/{server/webui => ui}/src/lib/contexts/chat-actions.context.ts (100%)
 create mode 100644 tools/ui/src/lib/contexts/chat-settings-config.context.ts
 rename tools/{server/webui => ui}/src/lib/contexts/index.ts (52%)
 rename tools/{server/webui => ui}/src/lib/contexts/message-edit.context.ts (74%)
 create mode 100644 tools/ui/src/lib/contexts/processing-info.context.ts
 rename tools/{server/webui => ui}/src/lib/enums/agentic.ts (100%)
 create mode 100644 tools/ui/src/lib/enums/attachment.ts
 rename tools/{server/webui => ui}/src/lib/enums/chat.ts (75%)
 rename tools/{server/webui => ui}/src/lib/enums/files.ts (91%)
 rename tools/{server/webui => ui}/src/lib/enums/index.ts (70%)
 rename tools/{server/webui => ui}/src/lib/enums/keyboard.ts (79%)
 rename tools/{server/webui => ui}/src/lib/enums/mcp.ts (100%)
 rename tools/{server/webui => ui}/src/lib/enums/model.ts (63%)
 rename tools/{server/webui => ui}/src/lib/enums/server.ts (100%)
 rename tools/{server/webui => ui}/src/lib/enums/settings.ts (100%)
 create mode 100644 tools/ui/src/lib/enums/tools.ts
 rename tools/{server/webui => ui}/src/lib/enums/ui.ts (56%)
 rename tools/{server/webui => ui}/src/lib/hooks/is-mobile.svelte.ts (100%)
 create mode 100644 tools/ui/src/lib/hooks/use-attachment-menu.svelte.ts
 rename tools/{server/webui => ui}/src/lib/hooks/use-auto-scroll.svelte.ts (76%)
 create mode 100644 tools/ui/src/lib/hooks/use-draft-messages.svelte.ts
 create mode 100644 tools/ui/src/lib/hooks/use-keyboard-shortcuts.svelte.ts
 create mode 100644 tools/ui/src/lib/hooks/use-message-edit-context.svelte.ts
 create mode 100644 tools/ui/src/lib/hooks/use-models-selector.svelte.ts
 rename tools/{server/webui => ui}/src/lib/hooks/use-processing-state.svelte.ts (100%)
 create mode 100644 tools/ui/src/lib/hooks/use-scroll-carousel.svelte.ts
 create mode 100644 tools/ui/src/lib/hooks/use-settings-navigation.svelte.ts
 create mode 100644 tools/ui/src/lib/hooks/use-tools-panel.svelte.ts
 rename tools/{server/webui => ui}/src/lib/services/chat.service.ts (92%)
 rename tools/{server/webui => ui}/src/lib/services/database.service.ts (51%)
 rename tools/{server/webui => ui}/src/lib/services/index.ts (85%)
 rename tools/{server/webui => ui}/src/lib/services/mcp.service.ts (92%)
 create mode 100644 tools/ui/src/lib/services/migration.service.ts
 rename tools/{server/webui => ui}/src/lib/services/models.service.ts (100%)
 rename tools/{server/webui => ui}/src/lib/services/parameter-sync.service.spec.ts (98%)
 create mode 100644 tools/ui/src/lib/services/parameter-sync.service.ts
 rename tools/{server/webui => ui}/src/lib/services/props.service.ts (100%)
 create mode 100644 tools/ui/src/lib/services/router.service.ts
 create mode 100644 tools/ui/src/lib/services/tools.service.ts
 rename tools/{server/webui => ui}/src/lib/stores/agentic.svelte.ts (57%)
 rename tools/{server/webui => ui}/src/lib/stores/chat.svelte.ts (86%)
 rename tools/{server/webui => ui}/src/lib/stores/conversations.svelte.ts (96%)
 create mode 100644 tools/ui/src/lib/stores/draft-messages.svelte.ts
 rename tools/{server/webui => ui}/src/lib/stores/mcp-resources.svelte.ts (100%)
 rename tools/{server/webui => ui}/src/lib/stores/mcp.svelte.ts (96%)
 rename tools/{server/webui => ui}/src/lib/stores/models.svelte.ts (63%)
 create mode 100644 tools/ui/src/lib/stores/permissions.svelte.ts
 rename tools/{server/webui => ui}/src/lib/stores/persisted.svelte.ts (100%)
 rename tools/{server/webui => ui}/src/lib/stores/server.svelte.ts (96%)
 create mode 100644 tools/ui/src/lib/stores/settings-referrer.svelte.ts
 rename tools/{server/webui => ui}/src/lib/stores/settings.svelte.ts (68%)
 create mode 100644 tools/ui/src/lib/stores/tools.svelte.ts
 rename tools/{server/webui => ui}/src/lib/types/agentic.d.ts (94%)
 rename tools/{server/webui => ui}/src/lib/types/api.d.ts (96%)
 rename tools/{server/webui => ui}/src/lib/types/chat.d.ts (94%)
 rename tools/{server/webui => ui}/src/lib/types/common.d.ts (92%)
 rename tools/{server/webui => ui}/src/lib/types/database.d.ts (87%)
 rename tools/{server/webui => ui}/src/lib/types/index.ts (91%)
 rename tools/{server/webui => ui}/src/lib/types/mcp.d.ts (96%)
 rename tools/{server/webui => ui}/src/lib/types/models.d.ts (95%)
 rename tools/{server/webui => ui}/src/lib/types/settings.d.ts (62%)
 create mode 100644 tools/ui/src/lib/types/tools.d.ts
 rename tools/{server/webui => ui}/src/lib/utils/abort.ts (100%)
 rename tools/{server/webui => ui}/src/lib/utils/agentic.ts (95%)
 rename tools/{server/webui => ui}/src/lib/utils/api-fetch.ts (100%)
 rename tools/{server/webui => ui}/src/lib/utils/api-headers.ts (100%)
 rename tools/{server/webui => ui}/src/lib/utils/api-key-validation.ts (73%)
 rename tools/{server/webui => ui}/src/lib/utils/attachment-display.ts (70%)
 rename tools/{server/webui => ui}/src/lib/utils/attachment-type.ts (84%)
 rename tools/{server/webui => ui}/src/lib/utils/audio-recording.ts (77%)
 rename tools/{server/webui => ui}/src/lib/utils/autoresize-textarea.ts (100%)
 rename tools/{server/webui => ui}/src/lib/utils/branching.ts (100%)
 rename tools/{server/webui => ui}/src/lib/utils/browser-only.ts (100%)
 rename tools/{server/webui => ui}/src/lib/utils/cache-ttl.ts (100%)
 rename tools/{server/webui => ui}/src/lib/utils/clipboard.ts (100%)
 rename tools/{server/webui => ui}/src/lib/utils/code.ts (100%)
 rename tools/{server/webui => ui}/src/lib/utils/config-helpers.ts (100%)
 rename tools/{server/webui => ui}/src/lib/utils/conversation-utils.ts (100%)
 rename tools/{server/webui => ui}/src/lib/utils/convert-files-to-extra.ts (89%)
 rename tools/{server/webui => ui}/src/lib/utils/cors-proxy.ts (82%)
 create mode 100644 tools/ui/src/lib/utils/css.ts
 rename tools/{server/webui => ui}/src/lib/utils/data-url.ts (100%)
 rename tools/{server/webui => ui}/src/lib/utils/debounce.ts (100%)
 rename tools/{server/webui => ui}/src/lib/utils/file-preview.ts (100%)
 rename tools/{server/webui => ui}/src/lib/utils/file-type.ts (94%)
 rename tools/{server/webui => ui}/src/lib/utils/formatters.ts (100%)
 rename tools/{server/webui => ui}/src/lib/utils/headers.ts (100%)
 rename tools/{server/webui => ui}/src/lib/utils/image-error-fallback.ts (100%)
 rename tools/{server/webui => ui}/src/lib/utils/index.ts (91%)
 rename tools/{server/webui => ui}/src/lib/utils/is-ime-composing.ts (100%)
 rename tools/{server/webui => ui}/src/lib/utils/latex-protection.ts (100%)
 rename tools/{server/webui => ui}/src/lib/utils/legacy-migration.ts (89%)
 rename tools/{server/webui => ui}/src/lib/utils/mcp.ts (97%)
 rename tools/{server/webui => ui}/src/lib/utils/modality-file-validation.ts (91%)
 rename tools/{server/webui => ui}/src/lib/utils/model-names.ts (100%)
 rename tools/{server/webui => ui}/src/lib/utils/pdf-processing.ts (100%)
 rename tools/{server/webui => ui}/src/lib/utils/portal-to-body.ts (100%)
 rename tools/{server/webui => ui}/src/lib/utils/precision.ts (100%)
 rename tools/{server/webui => ui}/src/lib/utils/process-uploaded-files.ts (93%)
 rename tools/{server/webui => ui}/src/lib/utils/redact.ts (100%)
 rename tools/{server/webui => ui}/src/lib/utils/request-helpers.ts (100%)
 rename tools/{server/webui => ui}/src/lib/utils/sanitize.ts (100%)
 rename tools/{server/webui => ui}/src/lib/utils/svg-to-png.ts (100%)
 rename tools/{server/webui => ui}/src/lib/utils/syntax-highlight-language.ts (100%)
 rename tools/{server/webui => ui}/src/lib/utils/text-files.ts (100%)
 rename tools/{server/webui => ui}/src/lib/utils/text.ts (100%)
 rename tools/{server/webui => ui}/src/lib/utils/uri-template.ts (99%)
 create mode 100644 tools/ui/src/lib/utils/url.ts
 rename tools/{server/webui => ui}/src/lib/utils/uuid.ts (100%)
 create mode 100644 tools/ui/src/lib/utils/viewport.ts
 rename tools/{server/webui => ui}/src/lib/utils/webp-to-png.ts (100%)
 create mode 100644 tools/ui/src/routes/(chat)/+layout.svelte
 rename tools/{server/webui/src/routes => ui/src/routes/(chat)}/+page.svelte (74%)
 rename tools/{server/webui/src/routes => ui/src/routes/(chat)}/+page.ts (100%)
 rename tools/{server/webui/src/routes => ui/src/routes/(chat)}/chat/[id]/+page.svelte (70%)
 rename tools/{server/webui/src/routes => ui/src/routes/(chat)}/chat/[id]/+page.ts (100%)
 rename tools/{server/webui => ui}/src/routes/+error.svelte (90%)
 rename tools/{server/webui => ui}/src/routes/+layout.svelte (58%)
 create mode 100644 tools/ui/src/routes/mcp-servers/+page.svelte
 create mode 100644 tools/ui/src/routes/settings/+layout.svelte
 create mode 100644 tools/ui/src/routes/settings/[[section]]/+page.svelte
 rename tools/{server/webui => ui}/src/styles/katex-custom.scss (59%)
 rename tools/{server/webui => ui}/static/favicon.svg (100%)
 rename tools/{server/public => ui/static}/loading.html (100%)
 rename tools/{server/webui => ui}/svelte.config.js (87%)
 rename tools/{server/webui => ui}/tests/client/components/TestWrapper.svelte (87%)
 rename tools/{server/webui => ui}/tests/client/page.svelte.test.ts (70%)
 rename tools/{server/webui => ui}/tests/e2e/demo.test.ts (100%)
 rename tools/{server/webui => ui}/tests/stories/ChatMessage.stories.svelte (99%)
 create mode 100644 tools/ui/tests/stories/ChatScreenForm.a11y.stories.svelte
 rename tools/{server/webui => ui}/tests/stories/ChatScreenForm.stories.svelte (100%)
 rename tools/{server/webui => ui}/tests/stories/Introduction.mdx (83%)
 rename tools/{server/webui => ui}/tests/stories/MarkdownContent.stories.svelte (100%)
 rename tools/{server/webui/tests/stories/ChatSidebar.stories.svelte => ui/tests/stories/SidebarNavigation.stories.svelte} (71%)
 rename tools/{server/webui => ui}/tests/stories/fixtures/ai-tutorial.ts (100%)
 rename tools/{server/webui => ui}/tests/stories/fixtures/api-docs.ts (100%)
 rename tools/{server/webui => ui}/tests/stories/fixtures/assets/1.jpg (100%)
 rename tools/{server/webui => ui}/tests/stories/fixtures/assets/beautiful-flowers-lotus.webp (100%)
 rename tools/{server/webui => ui}/tests/stories/fixtures/assets/example.pdf (100%)
 rename tools/{server/webui => ui}/tests/stories/fixtures/assets/hf-logo.svg (100%)
 rename tools/{server/webui => ui}/tests/stories/fixtures/blog-post.ts (100%)
 rename tools/{server/webui => ui}/tests/stories/fixtures/data-analysis.ts (100%)
 rename tools/{server/webui => ui}/tests/stories/fixtures/empty.ts (100%)
 rename tools/{server/webui => ui}/tests/stories/fixtures/math-formulas.ts (100%)
 rename tools/{server/webui => ui}/tests/stories/fixtures/readme.ts (100%)
 rename tools/{server/webui => ui}/tests/stories/fixtures/storybook-mocks.ts (87%)
 rename tools/{server/webui => ui}/tests/unit/agentic-sections.test.ts (94%)
 rename tools/{server/webui => ui}/tests/unit/agentic-strip.test.ts (100%)
 rename tools/{server/webui => ui}/tests/unit/clipboard.test.ts (100%)
 rename tools/{server/webui => ui}/tests/unit/latex-protection.test.ts (100%)
 rename tools/{server/webui => ui}/tests/unit/mcp-service.test.ts (100%)
 rename tools/{server/webui => ui}/tests/unit/model-id-parser.test.ts (100%)
 rename tools/{server/webui => ui}/tests/unit/model-names.test.ts (100%)
 rename tools/{server/webui => ui}/tests/unit/reasoning-context.test.ts (100%)
 rename tools/{server/webui => ui}/tests/unit/redact.test.ts (100%)
 rename tools/{server/webui => ui}/tests/unit/request-helpers.test.ts (100%)
 rename tools/{server/webui => ui}/tests/unit/sanitize-headers.test.ts (100%)
 rename tools/{server/webui => ui}/tests/unit/uri-template.test.ts (95%)
 rename tools/{server/webui => ui}/tsconfig.json (67%)
 create mode 100644 tools/ui/ui.cpp
 create mode 100644 tools/ui/ui.h
 rename tools/{server/webui => ui}/vite.config.ts (90%)
 create mode 100644 tools/ui/vitest-setup-client.ts
CMAKE_BUILD_TYPE=Release
CMake Deprecation Warning at CMakeLists.txt:117 (message):
  LLAMA_BUILD_WEBUI is deprecated, use LLAMA_BUILD_UI instead


-- Warning: ccache not found - consider installing it for faster compilation or disable this warning with GGML_CCACHE=OFF
-- CMAKE_SYSTEM_PROCESSOR: arm64
-- GGML_SYSTEM_ARCH: ARM
-- Including CPU backend
-- Accelerate framework found
-- Could NOT find OpenMP_C (missing: OpenMP_C_FLAGS OpenMP_C_LIB_NAMES) 
-- Could NOT find OpenMP_CXX (missing: OpenMP_CXX_FLAGS OpenMP_CXX_LIB_NAMES) 
-- Could NOT find OpenMP (missing: OpenMP_C_FOUND OpenMP_CXX_FOUND) 
CMake Warning at ggml/src/ggml-cpu/CMakeLists.txt:84 (message):
  OpenMP not found
Call Stack (most recent call first):
  ggml/src/CMakeLists.txt:446 (ggml_add_cpu_backend_variant_impl)


-- ARM detected
CMake Warning at ggml/src/ggml-cpu/CMakeLists.txt:146 (message):
  ARM -march/-mcpu not found, -mcpu=native will be used
Call Stack (most recent call first):
  ggml/src/CMakeLists.txt:446 (ggml_add_cpu_backend_variant_impl)


-- Checking for ARM features using flags:
--   -U__ARM_FEATURE_SVE
--   -U__ARM_FEATURE_SME
--   -mcpu=native+dotprod+i8mm+nosve+nosme
-- Adding CPU backend variant ggml-cpu: -U__ARM_FEATURE_SVE;-U__ARM_FEATURE_SME;-mcpu=native+dotprod+i8mm+nosve+nosme 
-- BLAS found, Libraries: /Library/Developer/CommandLineTools/SDKs/MacOSX.sdk/System/Library/Frameworks/Accelerate.framework
-- BLAS found, Includes: 
-- Including BLAS backend
-- Metal framework found
-- Including METAL backend
-- ggml version: 0.12.0
-- ggml commit:  9a532ae4b
-- OpenSSL found: 3.6.2
-- UI: derived HF_UI_VERSION=b9222
-- UI: embedded with source: provisioned
-- Generating embedded license file for target: llama-common
-- Configuring done (2.0s)
-- Generating done (1.1s)
-- Build files have been written to: /Users/haorzhang/applebench/.frameworks/llama.cpp/build
[  0%] Building/provisioning UI assets (npm build -> HF Bucket fallback)
[  0%] Building C object ggml/src/CMakeFiles/ggml-base.dir/ggml.c.o
[  1%] Built target sha256
[  1%] Building CXX object vendor/cpp-httplib/CMakeFiles/cpp-httplib.dir/httplib.cpp.o
[  1%] Built target llama-llava-cli
[  2%] Built target llama-qwen2vl-cli
[  2%] Building CXX object ggml/src/CMakeFiles/ggml-base.dir/ggml.cpp.o
[  3%] Built target xxhash
[  4%] Building CXX object ggml/src/CMakeFiles/ggml-base.dir/ggml-backend.cpp.o
[  4%] Building CXX object common/CMakeFiles/llama-common-base.dir/build-info.cpp.o
-- UI: building from source in /Users/haorzhang/applebench/.frameworks/llama.cpp/tools/ui
-- UI: running npm install (first time)
[  4%] Building CXX object ggml/src/CMakeFiles/ggml-base.dir/ggml-backend-meta.cpp.o
[  4%] Built target sha1
[  4%] Building C object ggml/src/CMakeFiles/ggml-base.dir/ggml-alloc.c.o
[  5%] Built target llama-gemma3-cli
[  5%] Building CXX object ggml/src/CMakeFiles/ggml-base.dir/ggml-threading.cpp.o
[  5%] Building CXX object ggml/src/CMakeFiles/ggml-base.dir/ggml-opt.cpp.o
[  5%] Building C object ggml/src/CMakeFiles/ggml-base.dir/ggml-quants.c.o
[  6%] Built target llama-minicpmv-cli
[  7%] Building CXX object ggml/src/CMakeFiles/ggml-base.dir/gguf.cpp.o
[  8%] Linking CXX static library libllama-common-base.a
[  8%] Built target llama-common-base
[  8%] Linking CXX shared library ../../bin/libggml-base.dylib
[  8%] Built target ggml-base
[  9%] Generate assembly for embedded Metal library
Embedding Metal library
[  9%] Building CXX object ggml/src/ggml-blas/CMakeFiles/ggml-blas.dir/ggml-blas.cpp.o
[  9%] Building C object ggml/src/CMakeFiles/ggml-cpu.dir/ggml-cpu/ggml-cpu.c.o
[  9%] Building CXX object ggml/src/CMakeFiles/ggml-cpu.dir/ggml-cpu/amx/mmq.cpp.o
[ 10%] Building CXX object ggml/src/CMakeFiles/ggml-cpu.dir/ggml-cpu/ggml-cpu.cpp.o
[ 10%] Building CXX object ggml/src/CMakeFiles/ggml-cpu.dir/ggml-cpu/traits.cpp.o
[ 10%] Building CXX object ggml/src/CMakeFiles/ggml-cpu.dir/ggml-cpu/repack.cpp.o
[ 11%] Building CXX object ggml/src/CMakeFiles/ggml-cpu.dir/ggml-cpu/amx/amx.cpp.o
[ 11%] Building CXX object ggml/src/CMakeFiles/ggml-cpu.dir/ggml-cpu/binary-ops.cpp.o
[ 11%] Building C object ggml/src/CMakeFiles/ggml-cpu.dir/ggml-cpu/quants.c.o
[ 11%] Building CXX object ggml/src/ggml-metal/CMakeFiles/ggml-metal.dir/ggml-metal.cpp.o
[ 11%] Building C object ggml/src/ggml-metal/CMakeFiles/ggml-metal.dir/ggml-metal-device.m.o
[ 11%] Building CXX object ggml/src/ggml-metal/CMakeFiles/ggml-metal.dir/ggml-metal-device.cpp.o
[ 11%] Building CXX object ggml/src/ggml-metal/CMakeFiles/ggml-metal.dir/ggml-metal-common.cpp.o
[ 11%] Building CXX object ggml/src/CMakeFiles/ggml-cpu.dir/ggml-cpu/unary-ops.cpp.o
[ 11%] Building CXX object ggml/src/CMakeFiles/ggml-cpu.dir/ggml-cpu/vec.cpp.o
[ 12%] Building C object ggml/src/ggml-metal/CMakeFiles/ggml-metal.dir/ggml-metal-context.m.o
[ 13%] Building CXX object ggml/src/CMakeFiles/ggml-cpu.dir/ggml-cpu/ops.cpp.o
[ 13%] Building CXX object ggml/src/CMakeFiles/ggml-cpu.dir/ggml-cpu/llamafile/sgemm.cpp.o
[ 13%] Building C object ggml/src/CMakeFiles/ggml-cpu.dir/ggml-cpu/arch/arm/quants.c.o
[ 13%] Linking CXX shared library ../../../bin/libggml-blas.dylib
[ 13%] Linking CXX static library libcpp-httplib.a
[ 13%] Building CXX object ggml/src/CMakeFiles/ggml-cpu.dir/ggml-cpu/arch/arm/repack.cpp.o
[ 13%] Built target ggml-blas
[ 13%] Building ASM object ggml/src/ggml-metal/CMakeFiles/ggml-metal.dir/autogenerated/ggml-metal-embed.s.o
[ 13%] Building CXX object ggml/src/ggml-metal/CMakeFiles/ggml-metal.dir/ggml-metal-ops.cpp.o
[ 13%] Built target cpp-httplib
[ 13%] Linking CXX shared library ../../../bin/libggml-metal.dylib
[ 13%] Built target ggml-metal
[ 13%] Linking CXX shared library ../../bin/libggml-cpu.dylib
[ 13%] Built target ggml-cpu
[ 14%] Building CXX object ggml/src/CMakeFiles/ggml.dir/ggml-backend-reg.cpp.o
[ 14%] Linking CXX shared library ../../bin/libggml.dylib
[ 14%] Built target ggml
[ 15%] Building CXX object examples/gguf-hash/CMakeFiles/llama-gguf-hash.dir/gguf-hash.cpp.o
[ 15%] Building CXX object examples/gguf/CMakeFiles/llama-gguf.dir/gguf.cpp.o
[ 16%] Building CXX object src/CMakeFiles/llama.dir/llama-context.cpp.o
[ 17%] Building CXX object src/CMakeFiles/llama.dir/llama.cpp.o
[ 17%] Building CXX object src/CMakeFiles/llama.dir/llama-graph.cpp.o
[ 17%] Building CXX object src/CMakeFiles/llama.dir/llama-chat.cpp.o
[ 17%] Building CXX object src/CMakeFiles/llama.dir/llama-arch.cpp.o
[ 17%] Building CXX object src/CMakeFiles/llama.dir/llama-batch.cpp.o
[ 17%] Building CXX object src/CMakeFiles/llama.dir/llama-adapter.cpp.o
[ 17%] Building CXX object src/CMakeFiles/llama.dir/llama-cparams.cpp.o
[ 17%] Building CXX object src/CMakeFiles/llama.dir/llama-grammar.cpp.o
[ 17%] Building CXX object src/CMakeFiles/llama.dir/llama-hparams.cpp.o
[ 17%] Linking CXX executable ../../bin/llama-gguf
[ 17%] Linking CXX executable ../../bin/llama-gguf-hash
[ 17%] Built target llama-gguf
[ 17%] Built target llama-gguf-hash
[ 18%] Building CXX object src/CMakeFiles/llama.dir/llama-impl.cpp.o
[ 18%] Building CXX object src/CMakeFiles/llama.dir/llama-io.cpp.o
[ 18%] Building CXX object src/CMakeFiles/llama.dir/llama-kv-cache.cpp.o
[ 18%] Building CXX object src/CMakeFiles/llama.dir/llama-kv-cache-iswa.cpp.o
[ 18%] Building CXX object src/CMakeFiles/llama.dir/llama-memory.cpp.o
[ 19%] Building CXX object src/CMakeFiles/llama.dir/llama-memory-hybrid.cpp.o
[ 19%] Building CXX object src/CMakeFiles/llama.dir/llama-memory-hybrid-iswa.cpp.o
[ 19%] Building CXX object src/CMakeFiles/llama.dir/llama-memory-recurrent.cpp.o
[ 19%] Building CXX object src/CMakeFiles/llama.dir/llama-mmap.cpp.o
[ 19%] Building CXX object src/CMakeFiles/llama.dir/llama-model-loader.cpp.o
[ 20%] Building CXX object src/CMakeFiles/llama.dir/llama-model-saver.cpp.o
[ 20%] Building CXX object src/CMakeFiles/llama.dir/llama-model.cpp.o
[ 20%] Building CXX object src/CMakeFiles/llama.dir/llama-quant.cpp.o
[ 20%] Building CXX object src/CMakeFiles/llama.dir/llama-sampler.cpp.o
[ 20%] Building CXX object src/CMakeFiles/llama.dir/llama-vocab.cpp.o
[ 20%] Building CXX object src/CMakeFiles/llama.dir/unicode.cpp.o
[ 20%] Building CXX object src/CMakeFiles/llama.dir/models/afmoe.cpp.o
[ 20%] Building CXX object src/CMakeFiles/llama.dir/models/apertus.cpp.o
[ 20%] Building CXX object src/CMakeFiles/llama.dir/models/arcee.cpp.o
[ 21%] Building CXX object src/CMakeFiles/llama.dir/models/arctic.cpp.o
[ 21%] Building CXX object src/CMakeFiles/llama.dir/models/arwkv7.cpp.o
[ 21%] Building CXX object src/CMakeFiles/llama.dir/models/baichuan.cpp.o
[ 21%] Building CXX object src/CMakeFiles/llama.dir/models/bailingmoe.cpp.o
[ 22%] Building CXX object src/CMakeFiles/llama.dir/models/bert.cpp.o
[ 22%] Building CXX object src/CMakeFiles/llama.dir/models/bailingmoe2.cpp.o
[ 22%] Building CXX object src/CMakeFiles/llama.dir/models/bitnet.cpp.o
[ 22%] Building CXX object src/CMakeFiles/llama.dir/models/bloom.cpp.o
[ 22%] Building CXX object src/CMakeFiles/llama.dir/models/chameleon.cpp.o
[ 22%] Building CXX object src/CMakeFiles/llama.dir/models/chatglm.cpp.o
[ 22%] Building CXX object src/CMakeFiles/llama.dir/models/codeshell.cpp.o
[ 23%] Building CXX object src/CMakeFiles/llama.dir/models/cogvlm.cpp.o
[ 23%] Building CXX object src/CMakeFiles/llama.dir/models/cohere2.cpp.o
[ 23%] Building CXX object src/CMakeFiles/llama.dir/models/command-r.cpp.o
[ 23%] Building CXX object src/CMakeFiles/llama.dir/models/dbrx.cpp.o
[ 23%] Building CXX object src/CMakeFiles/llama.dir/models/deci.cpp.o
[ 24%] Building CXX object src/CMakeFiles/llama.dir/models/deepseek.cpp.o
[ 24%] Building CXX object src/CMakeFiles/llama.dir/models/deepseek2.cpp.o
[ 24%] Building CXX object src/CMakeFiles/llama.dir/models/deepseek2ocr.cpp.o
[ 24%] Building CXX object src/CMakeFiles/llama.dir/models/delta-net-base.cpp.o
[ 24%] Building CXX object src/CMakeFiles/llama.dir/models/dots1.cpp.o
[ 25%] Building CXX object src/CMakeFiles/llama.dir/models/dream.cpp.o
[ 25%] Building CXX object src/CMakeFiles/llama.dir/models/ernie4-5-moe.cpp.o
[ 25%] Building CXX object src/CMakeFiles/llama.dir/models/ernie4-5.cpp.o
[ 25%] Building CXX object src/CMakeFiles/llama.dir/models/eurobert.cpp.o
[ 25%] Building CXX object src/CMakeFiles/llama.dir/models/exaone-moe.cpp.o
[ 26%] Building CXX object src/CMakeFiles/llama.dir/models/exaone.cpp.o
[ 26%] Building CXX object src/CMakeFiles/llama.dir/models/exaone4.cpp.o
[ 26%] Building CXX object src/CMakeFiles/llama.dir/models/falcon-h1.cpp.o
[ 26%] Building CXX object src/CMakeFiles/llama.dir/models/falcon.cpp.o
[ 26%] Building CXX object src/CMakeFiles/llama.dir/models/gemma-embedding.cpp.o
[ 27%] Building CXX object src/CMakeFiles/llama.dir/models/gemma.cpp.o
[ 27%] Building CXX object src/CMakeFiles/llama.dir/models/gemma2.cpp.o
[ 27%] Building CXX object src/CMakeFiles/llama.dir/models/gemma3.cpp.o
[ 27%] Building CXX object src/CMakeFiles/llama.dir/models/gemma3n.cpp.o
[ 27%] Building CXX object src/CMakeFiles/llama.dir/models/gemma4.cpp.o
[ 28%] Building CXX object src/CMakeFiles/llama.dir/models/glm-dsa.cpp.o
[ 28%] Building CXX object src/CMakeFiles/llama.dir/models/glm4-moe.cpp.o
[ 28%] Building CXX object src/CMakeFiles/llama.dir/models/glm4.cpp.o
[ 28%] Building CXX object src/CMakeFiles/llama.dir/models/gpt2.cpp.o
[ 28%] Building CXX object src/CMakeFiles/llama.dir/models/gptneox.cpp.o
[ 29%] Building CXX object src/CMakeFiles/llama.dir/models/granite-hybrid.cpp.o
[ 29%] Building CXX object src/CMakeFiles/llama.dir/models/granite-moe.cpp.o
[ 29%] Building CXX object src/CMakeFiles/llama.dir/models/granite.cpp.o
[ 29%] Building CXX object src/CMakeFiles/llama.dir/models/grok.cpp.o
[ 29%] Building CXX object src/CMakeFiles/llama.dir/models/grovemoe.cpp.o
[ 30%] Building CXX object src/CMakeFiles/llama.dir/models/hunyuan-dense.cpp.o
[ 30%] Building CXX object src/CMakeFiles/llama.dir/models/hunyuan-moe.cpp.o
[ 30%] Building CXX object src/CMakeFiles/llama.dir/models/hunyuan-vl.cpp.o
[ 30%] Building CXX object src/CMakeFiles/llama.dir/models/internlm2.cpp.o
[ 30%] Building CXX object src/CMakeFiles/llama.dir/models/jais.cpp.o
[ 31%] Building CXX object src/CMakeFiles/llama.dir/models/jais2.cpp.o
[ 31%] Building CXX object src/CMakeFiles/llama.dir/models/jamba.cpp.o
[ 31%] Building CXX object src/CMakeFiles/llama.dir/models/jina-bert-v2.cpp.o
[ 31%] Building CXX object src/CMakeFiles/llama.dir/models/jina-bert-v3.cpp.o
[ 31%] Building CXX object src/CMakeFiles/llama.dir/models/kimi-linear.cpp.o
[ 31%] Building CXX object src/CMakeFiles/llama.dir/models/lfm2.cpp.o
[ 32%] Building CXX object src/CMakeFiles/llama.dir/models/lfm2moe.cpp.o
[ 32%] Building CXX object src/CMakeFiles/llama.dir/models/llada-moe.cpp.o
[ 32%] Building CXX object src/CMakeFiles/llama.dir/models/mamba-base.cpp.o
[ 32%] Building CXX object src/CMakeFiles/llama.dir/models/mamba.cpp.o
[ 33%] Building CXX object src/CMakeFiles/llama.dir/models/mimo2.cpp.o
[ 33%] Building CXX object src/CMakeFiles/llama.dir/models/llama.cpp.o
[ 33%] Building CXX object src/CMakeFiles/llama.dir/models/llama-embed.cpp.o
[ 34%] Building CXX object src/CMakeFiles/llama.dir/models/llama4.cpp.o
[ 34%] Building CXX object src/CMakeFiles/llama.dir/models/maincoder.cpp.o
[ 34%] Building CXX object src/CMakeFiles/llama.dir/models/minicpm.cpp.o
[ 34%] Building CXX object src/CMakeFiles/llama.dir/models/mamba2.cpp.o
[ 34%] Building CXX object src/CMakeFiles/llama.dir/models/llada.cpp.o
[ 34%] Building CXX object src/CMakeFiles/llama.dir/models/minicpm3.cpp.o
[ 34%] Building CXX object src/CMakeFiles/llama.dir/models/minimax-m2.cpp.o
[ 34%] Building CXX object src/CMakeFiles/llama.dir/models/mistral3.cpp.o
[ 35%] Building CXX object src/CMakeFiles/llama.dir/models/mistral4.cpp.o
[ 35%] Building CXX object src/CMakeFiles/llama.dir/models/modern-bert.cpp.o
[ 35%] Building CXX object src/CMakeFiles/llama.dir/models/nemotron-h.cpp.o
[ 35%] Building CXX object src/CMakeFiles/llama.dir/models/mpt.cpp.o
[ 35%] Building CXX object src/CMakeFiles/llama.dir/models/nemotron-h-moe.cpp.o
[ 36%] Building CXX object src/CMakeFiles/llama.dir/models/nemotron.cpp.o
[ 36%] Building CXX object src/CMakeFiles/llama.dir/models/neo-bert.cpp.o
[ 36%] Building CXX object src/CMakeFiles/llama.dir/models/nomic-bert-moe.cpp.o
[ 36%] Building CXX object src/CMakeFiles/llama.dir/models/nomic-bert.cpp.o
[ 36%] Building CXX object src/CMakeFiles/llama.dir/models/olmo.cpp.o
[ 37%] Building CXX object src/CMakeFiles/llama.dir/models/olmo2.cpp.o
[ 37%] Building CXX object src/CMakeFiles/llama.dir/models/openai-moe.cpp.o
[ 37%] Building CXX object src/CMakeFiles/llama.dir/models/openelm.cpp.o
[ 37%] Building CXX object src/CMakeFiles/llama.dir/models/olmoe.cpp.o
[ 37%] Building CXX object src/CMakeFiles/llama.dir/models/orion.cpp.o
[ 37%] Building CXX object src/CMakeFiles/llama.dir/models/phi2.cpp.o
[ 37%] Building CXX object src/CMakeFiles/llama.dir/models/pangu-embed.cpp.o
[ 38%] Building CXX object src/CMakeFiles/llama.dir/models/paddleocr.cpp.o
[ 38%] Building CXX object src/CMakeFiles/llama.dir/models/phi3.cpp.o
[ 38%] Building CXX object src/CMakeFiles/llama.dir/models/phimoe.cpp.o
[ 39%] Building CXX object src/CMakeFiles/llama.dir/models/plamo.cpp.o
[ 39%] Building CXX object src/CMakeFiles/llama.dir/models/plamo2.cpp.o
[ 39%] Building CXX object src/CMakeFiles/llama.dir/models/plamo3.cpp.o
[ 39%] Building CXX object src/CMakeFiles/llama.dir/models/plm.cpp.o
[ 39%] Building CXX object src/CMakeFiles/llama.dir/models/qwen.cpp.o
[ 39%] Building CXX object src/CMakeFiles/llama.dir/models/qwen2.cpp.o
[ 40%] Building CXX object src/CMakeFiles/llama.dir/models/qwen2moe.cpp.o
[ 40%] Building CXX object src/CMakeFiles/llama.dir/models/qwen3.cpp.o
[ 40%] Building CXX object src/CMakeFiles/llama.dir/models/qwen35.cpp.o
[ 40%] Building CXX object src/CMakeFiles/llama.dir/models/qwen2vl.cpp.o
[ 40%] Building CXX object src/CMakeFiles/llama.dir/models/qwen35moe.cpp.o
[ 41%] Building CXX object src/CMakeFiles/llama.dir/models/qwen3moe.cpp.o
[ 41%] Building CXX object src/CMakeFiles/llama.dir/models/qwen3next.cpp.o
[ 41%] Building CXX object src/CMakeFiles/llama.dir/models/qwen3vl.cpp.o
[ 41%] Building CXX object src/CMakeFiles/llama.dir/models/qwen3vlmoe.cpp.o
[ 41%] Building CXX object src/CMakeFiles/llama.dir/models/refact.cpp.o
[ 42%] Building CXX object src/CMakeFiles/llama.dir/models/rnd1.cpp.o
[ 42%] Building CXX object src/CMakeFiles/llama.dir/models/rwkv6-base.cpp.o
[ 42%] Building CXX object src/CMakeFiles/llama.dir/models/rwkv6.cpp.o
[ 42%] Building CXX object src/CMakeFiles/llama.dir/models/rwkv6qwen2.cpp.o
[ 42%] Building CXX object src/CMakeFiles/llama.dir/models/rwkv7-base.cpp.o
[ 43%] Building CXX object src/CMakeFiles/llama.dir/models/rwkv7.cpp.o
[ 43%] Building CXX object src/CMakeFiles/llama.dir/models/seed-oss.cpp.o
[ 43%] Building CXX object src/CMakeFiles/llama.dir/models/smallthinker.cpp.o
[ 43%] Building CXX object src/CMakeFiles/llama.dir/models/stablelm.cpp.o
[ 43%] Building CXX object src/CMakeFiles/llama.dir/models/smollm3.cpp.o
[ 44%] Building CXX object src/CMakeFiles/llama.dir/models/starcoder.cpp.o
[ 44%] Building CXX object src/CMakeFiles/llama.dir/models/starcoder2.cpp.o
[ 44%] Building CXX object src/CMakeFiles/llama.dir/models/step35.cpp.o
[ 44%] Building CXX object src/CMakeFiles/llama.dir/models/t5.cpp.o
[ 44%] Building CXX object src/CMakeFiles/llama.dir/models/t5encoder.cpp.o
[ 45%] Building CXX object src/CMakeFiles/llama.dir/models/wavtokenizer-dec.cpp.o
[ 45%] Building CXX object src/CMakeFiles/llama.dir/models/xverse.cpp.o
[ 45%] Linking CXX shared library ../bin/libllama.dylib
[ 46%] Built target llama
[ 46%] Building CXX object examples/simple-chat/CMakeFiles/llama-simple-chat.dir/simple-chat.cpp.o
[ 46%] Building C object tests/CMakeFiles/test-c.dir/test-c.c.o
[ 46%] Building CXX object examples/simple/CMakeFiles/llama-simple.dir/simple.cpp.o
[ 47%] Linking C executable ../bin/test-c
[ 47%] Building CXX object tools/mtmd/CMakeFiles/mtmd.dir/mtmd.cpp.o
[ 47%] Building CXX object tools/mtmd/CMakeFiles/mtmd.dir/mtmd-image.cpp.o
[ 47%] Building CXX object tools/mtmd/CMakeFiles/mtmd.dir/clip.cpp.o
[ 47%] Building CXX object tools/mtmd/CMakeFiles/mtmd.dir/models/cogvlm.cpp.o
[ 48%] Building CXX object tools/mtmd/CMakeFiles/mtmd.dir/mtmd-audio.cpp.o
[ 48%] Building CXX object tools/mtmd/CMakeFiles/mtmd.dir/mtmd-helper.cpp.o
[ 48%] Built target test-c
[ 48%] Building CXX object common/CMakeFiles/llama-common.dir/chat-auto-parser-generator.cpp.o
[ 48%] Building CXX object common/CMakeFiles/llama-common.dir/arg.cpp.o
[ 48%] Building CXX object common/CMakeFiles/llama-common.dir/chat-auto-parser-helpers.cpp.o
[ 48%] Linking CXX executable ../../bin/llama-simple
[ 49%] Linking CXX executable ../../bin/llama-simple-chat
[ 49%] Built target llama-simple
[ 50%] Building CXX object tools/mtmd/CMakeFiles/mtmd.dir/models/conformer.cpp.o
[ 50%] Built target llama-simple-chat
[ 50%] Building CXX object common/CMakeFiles/llama-common.dir/chat-diff-analyzer.cpp.o
[ 50%] Building CXX object tools/mtmd/CMakeFiles/mtmd.dir/models/dotsocr.cpp.o
[ 50%] Building CXX object common/CMakeFiles/llama-common.dir/chat-peg-parser.cpp.o
[ 50%] Building CXX object tools/mtmd/CMakeFiles/mtmd.dir/models/gemma4a.cpp.o
[ 50%] Building CXX object tools/mtmd/CMakeFiles/mtmd.dir/models/gemma4v.cpp.o
[ 50%] Building CXX object tools/mtmd/CMakeFiles/mtmd.dir/models/glm4v.cpp.o
[ 51%] Building CXX object tools/mtmd/CMakeFiles/mtmd.dir/models/granite-speech.cpp.o
[ 52%] Building CXX object common/CMakeFiles/llama-common.dir/chat.cpp.o
[ 52%] Building CXX object common/CMakeFiles/llama-common.dir/common.cpp.o
[ 52%] Building CXX object common/CMakeFiles/llama-common.dir/console.cpp.o
[ 52%] Building CXX object common/CMakeFiles/llama-common.dir/debug.cpp.o
[ 52%] Building CXX object tools/mtmd/CMakeFiles/mtmd.dir/models/hunyuanocr.cpp.o
[ 52%] Building CXX object tools/mtmd/CMakeFiles/mtmd.dir/models/internvl.cpp.o
[ 52%] Building CXX object tools/mtmd/CMakeFiles/mtmd.dir/models/kimivl.cpp.o
[ 52%] Building CXX object common/CMakeFiles/llama-common.dir/download.cpp.o
[ 52%] Building CXX object tools/mtmd/CMakeFiles/mtmd.dir/models/kimik25.cpp.o
[ 53%] Building CXX object tools/mtmd/CMakeFiles/mtmd.dir/models/nemotron-v2-vl.cpp.o
[ 53%] Building CXX object tools/mtmd/CMakeFiles/mtmd.dir/models/llama4.cpp.o
[ 54%] Building CXX object common/CMakeFiles/llama-common.dir/fit.cpp.o
[ 54%] Building CXX object tools/mtmd/CMakeFiles/mtmd.dir/models/llava.cpp.o
[ 54%] Building CXX object tools/mtmd/CMakeFiles/mtmd.dir/models/minicpmv.cpp.o
[ 54%] Building CXX object tools/mtmd/CMakeFiles/mtmd.dir/models/paddleocr.cpp.o
[ 54%] Building CXX object common/CMakeFiles/llama-common.dir/hf-cache.cpp.o
[ 55%] Building CXX object tools/mtmd/CMakeFiles/mtmd.dir/models/pixtral.cpp.o
[ 55%] Building CXX object tools/mtmd/CMakeFiles/mtmd.dir/models/qwen2vl.cpp.o
[ 55%] Building CXX object tools/mtmd/CMakeFiles/mtmd.dir/models/qwen3vl.cpp.o
[ 55%] Building CXX object common/CMakeFiles/llama-common.dir/json-partial.cpp.o
[ 55%] Building CXX object tools/mtmd/CMakeFiles/mtmd.dir/models/mimovl.cpp.o
[ 55%] Building CXX object tools/mtmd/CMakeFiles/mtmd.dir/models/qwen3a.cpp.o
[ 55%] Building CXX object common/CMakeFiles/llama-common.dir/json-schema-to-grammar.cpp.o
[ 56%] Building CXX object tools/mtmd/CMakeFiles/mtmd.dir/models/step3vl.cpp.o
[ 56%] Building CXX object common/CMakeFiles/llama-common.dir/llguidance.cpp.o
[ 57%] Building CXX object common/CMakeFiles/llama-common.dir/log.cpp.o
[ 57%] Building CXX object tools/mtmd/CMakeFiles/mtmd.dir/models/siglip.cpp.o
[ 57%] Building CXX object tools/mtmd/CMakeFiles/mtmd.dir/models/whisper-enc.cpp.o
[ 57%] Building CXX object tools/mtmd/CMakeFiles/mtmd.dir/models/deepseekocr.cpp.o
[ 57%] Building CXX object tools/mtmd/CMakeFiles/mtmd.dir/models/mobilenetv5.cpp.o
[ 58%] Building CXX object tools/mtmd/CMakeFiles/mtmd.dir/models/youtuvl.cpp.o
[ 58%] Building CXX object tools/mtmd/CMakeFiles/mtmd.dir/models/yasa2.cpp.o
[ 58%] Building CXX object common/CMakeFiles/llama-common.dir/ngram-cache.cpp.o
[ 58%] Building CXX object common/CMakeFiles/llama-common.dir/ngram-map.cpp.o
[ 58%] Building CXX object common/CMakeFiles/llama-common.dir/peg-parser.cpp.o
[ 59%] Building CXX object common/CMakeFiles/llama-common.dir/preset.cpp.o
[ 59%] Building CXX object common/CMakeFiles/llama-common.dir/regex-partial.cpp.o
[ 59%] Linking CXX shared library ../../bin/libmtmd.dylib
[ 59%] Building CXX object common/CMakeFiles/llama-common.dir/reasoning-budget.cpp.o
[ 59%] Building CXX object common/CMakeFiles/llama-common.dir/sampling.cpp.o
[ 59%] Built target mtmd
[ 59%] Building CXX object common/CMakeFiles/llama-common.dir/speculative.cpp.o
[ 59%] Building CXX object common/CMakeFiles/llama-common.dir/jinja/lexer.cpp.o
[ 59%] Building CXX object common/CMakeFiles/llama-common.dir/jinja/parser.cpp.o
[ 59%] Building CXX object common/CMakeFiles/llama-common.dir/jinja/runtime.cpp.o
[ 59%] Building CXX object common/CMakeFiles/llama-common.dir/jinja/value.cpp.o
[ 60%] Building CXX object common/CMakeFiles/llama-common.dir/jinja/string.cpp.o
[ 60%] Building CXX object common/CMakeFiles/llama-common.dir/jinja/caps.cpp.o
[ 60%] Building CXX object common/CMakeFiles/llama-common.dir/__/license.cpp.o
[ 60%] Linking CXX shared library ../bin/libllama-common.dylib
[ 61%] Built target llama-common
[ 61%] Building CXX object tests/CMakeFiles/test-json-schema-to-grammar.dir/test-json-schema-to-grammar.cpp.o
[ 61%] Building CXX object tests/CMakeFiles/test-tokenizer-1-bpe.dir/test-tokenizer-1-bpe.cpp.o
[ 61%] Building CXX object tools/server/CMakeFiles/server-context.dir/server-chat.cpp.o
[ 62%] Building CXX object tests/CMakeFiles/test-grammar-integration.dir/test-grammar-integration.cpp.o
[ 62%] Building CXX object tests/CMakeFiles/test-gbnf-validator.dir/test-gbnf-validator.cpp.o
[ 62%] Building CXX object tests/CMakeFiles/test-tokenizer-0.dir/test-tokenizer-0.cpp.o
[ 62%] Building CXX object tests/CMakeFiles/test-llama-grammar.dir/test-llama-grammar.cpp.o
[ 62%] Building CXX object tests/CMakeFiles/test-grammar-parser.dir/test-grammar-parser.cpp.o
[ 62%] Building CXX object tests/CMakeFiles/test-quantize-stats.dir/test-quantize-stats.cpp.o
[ 63%] Building CXX object tests/CMakeFiles/test-sampling.dir/test-sampling.cpp.o
[ 63%] Building CXX object tests/CMakeFiles/test-reasoning-budget.dir/test-reasoning-budget.cpp.o
[ 64%] Linking CXX executable ../bin/test-reasoning-budget
[ 64%] Linking CXX executable ../bin/test-tokenizer-1-bpe
[ 65%] Linking CXX executable ../bin/test-gbnf-validator
[ 65%] Built target test-reasoning-budget
[ 65%] Built target test-tokenizer-1-bpe
[ 65%] Linking CXX executable ../bin/test-sampling
[ 66%] Linking CXX executable ../bin/test-grammar-parser
[ 66%] Building CXX object tests/CMakeFiles/test-tokenizer-1-spm.dir/test-tokenizer-1-spm.cpp.o
[ 66%] Built target test-gbnf-validator
[ 67%] Building CXX object tests/CMakeFiles/test-llama-archs.dir/test-llama-archs.cpp.o
[ 68%] Linking CXX executable ../bin/test-tokenizer-0
[ 68%] Built target test-grammar-parser
[ 68%] Built target test-sampling
[ 68%] Building CXX object tests/CMakeFiles/test-chat-peg-parser.dir/test-chat-peg-parser.cpp.o
[ 68%] Building CXX object tools/server/CMakeFiles/server-context.dir/server-task.cpp.o
[ 69%] Linking CXX executable ../bin/test-llama-grammar
[ 69%] Building CXX object tests/CMakeFiles/test-jinja.dir/test-jinja.cpp.o
[ 69%] Built target test-tokenizer-0
[ 70%] Building CXX object tools/server/CMakeFiles/server-context.dir/server-queue.cpp.o
[ 70%] Built target test-llama-grammar
[ 70%] Building CXX object tests/CMakeFiles/test-chat-auto-parser.dir/test-chat-auto-parser.cpp.o
[ 70%] Linking CXX executable ../bin/test-quantize-stats
[ 70%] Linking CXX executable ../bin/test-tokenizer-1-spm
[ 70%] Built target test-quantize-stats
[ 70%] Built target test-tokenizer-1-spm
[ 70%] Building CXX object tests/CMakeFiles/test-chat-template.dir/test-chat-template.cpp.o
[ 70%] Building CXX object tests/CMakeFiles/test-json-partial.dir/test-json-partial.cpp.o
[ 70%] Linking CXX executable ../bin/test-llama-archs
[ 70%] Built target test-llama-archs
[ 70%] Building CXX object tests/CMakeFiles/test-log.dir/test-log.cpp.o
[ 70%] Linking CXX executable ../bin/test-grammar-integration
[ 70%] Linking CXX executable ../bin/test-json-schema-to-grammar
[ 70%] Built target test-grammar-integration
[ 70%] Built target test-json-schema-to-grammar
[ 70%] Building CXX object tools/server/CMakeFiles/server-context.dir/server-common.cpp.o
[ 70%] Building CXX object tests/CMakeFiles/test-peg-parser.dir/test-peg-parser.cpp.o
[ 70%] Linking CXX executable ../bin/test-log
[ 70%] Building CXX object tools/server/CMakeFiles/server-context.dir/server-context.cpp.o
[ 70%] Linking CXX executable ../bin/test-json-partial
[ 70%] Built target test-log
[ 70%] Building CXX object tests/CMakeFiles/test-regex-partial.dir/test-regex-partial.cpp.o
[ 71%] Built target test-json-partial
[ 71%] Building CXX object tests/CMakeFiles/test-thread-safety.dir/test-thread-safety.cpp.o
[ 71%] Building CXX object tools/server/CMakeFiles/server-context.dir/server-tools.cpp.o
[ 71%] Linking CXX executable ../bin/test-chat-template
[ 71%] Linking CXX executable ../bin/test-regex-partial
[ 71%] Linking CXX executable ../bin/test-thread-safety
[ 71%] Built target test-chat-template
[ 72%] Built target test-regex-partial
[ 72%] Built target test-thread-safety
[ 73%] Building CXX object tests/CMakeFiles/test-peg-parser.dir/peg-parser/test-basic.cpp.o
[ 73%] Building CXX object tests/CMakeFiles/test-peg-parser.dir/peg-parser/test-gbnf-generation.cpp.o
[ 73%] Building CXX object tests/CMakeFiles/test-arg-parser.dir/test-arg-parser.cpp.o
[ 73%] Building CXX object tests/CMakeFiles/test-peg-parser.dir/peg-parser/test-json-parser.cpp.o
[ 73%] Linking CXX executable ../bin/test-arg-parser
[ 74%] Built target test-arg-parser
[ 75%] Building CXX object tests/CMakeFiles/test-opt.dir/test-opt.cpp.o
[ 75%] Building CXX object tests/CMakeFiles/test-peg-parser.dir/peg-parser/test-json-serialization.cpp.o
[ 75%] Linking CXX executable ../bin/test-chat-auto-parser
[ 75%] Linking CXX executable ../bin/test-jinja
[ 76%] Linking CXX executable ../bin/test-chat-peg-parser
[ 76%] Building CXX object tests/CMakeFiles/test-peg-parser.dir/peg-parser/test-python-dict-parser.cpp.o
[ 76%] Linking CXX executable ../bin/test-opt
[ 76%] Built target test-jinja
[ 77%] Built target test-chat-auto-parser
[ 77%] Built target test-chat-peg-parser
[ 77%] Building CXX object tests/CMakeFiles/test-gguf.dir/test-gguf.cpp.o
[ 78%] Building CXX object tests/CMakeFiles/test-backend-ops.dir/test-backend-ops.cpp.o
[ 78%] Built target test-opt
[ 78%] Building CXX object tests/CMakeFiles/test-model-load-cancel.dir/test-model-load-cancel.cpp.o
[ 78%] Building CXX object tests/CMakeFiles/test-autorelease.dir/test-autorelease.cpp.o
[ 78%] Linking CXX executable ../bin/test-model-load-cancel
[ 79%] Built target test-model-load-cancel
[ 79%] Building CXX object tests/CMakeFiles/test-backend-sampler.dir/test-backend-sampler.cpp.o
[ 79%] Linking CXX executable ../bin/test-autorelease
[ 79%] Building CXX object tests/CMakeFiles/test-peg-parser.dir/peg-parser/test-unicode.cpp.o
[ 79%] Built target test-autorelease
[ 79%] Building CXX object tests/CMakeFiles/test-state-restore-fragmented.dir/test-state-restore-fragmented.cpp.o
[ 79%] Building CXX object tests/CMakeFiles/test-recurrent-state-rollback.dir/test-recurrent-state-rollback.cpp.o
[ 79%] Building CXX object tests/CMakeFiles/test-barrier.dir/test-barrier.cpp.o
[ 79%] Linking CXX executable ../bin/test-gguf
[ 79%] Built target test-gguf
[ 80%] Building CXX object tests/CMakeFiles/test-quantize-fns.dir/test-quantize-fns.cpp.o
[ 80%] Building CXX object tests/CMakeFiles/test-recurrent-state-rollback.dir/get-model.cpp.o
[ 80%] Building CXX object tests/CMakeFiles/test-quantize-perf.dir/test-quantize-perf.cpp.o
[ 81%] Linking CXX executable ../bin/test-state-restore-fragmented
[ 81%] Linking CXX executable ../bin/test-barrier
[ 81%] Built target test-state-restore-fragmented
[ 81%] Built target test-barrier
[ 81%] Building CXX object tests/CMakeFiles/test-rope.dir/test-rope.cpp.o
[ 81%] Linking CXX executable ../bin/test-quantize-fns
[ 81%] Linking CXX executable ../bin/test-recurrent-state-rollback
[ 81%] Building C object tests/CMakeFiles/test-mtmd-c-api.dir/test-mtmd-c-api.c.o
[ 82%] Linking CXX executable ../bin/test-backend-sampler
[ 82%] Building CXX object tests/CMakeFiles/gguf-model-data.dir/gguf-model-data.cpp.o
[ 82%] Linking CXX executable ../bin/test-mtmd-c-api
[ 82%] Built target test-quantize-fns
[ 82%] Built target test-recurrent-state-rollback
[ 82%] Built target test-backend-sampler
[ 83%] Linking CXX executable ../bin/test-quantize-perf
[ 83%] Building CXX object tests/CMakeFiles/test-alloc.dir/test-alloc.cpp.o
[ 83%] Building CXX object examples/batched/CMakeFiles/llama-batched.dir/batched.cpp.o
[ 83%] Built target test-mtmd-c-api
[ 83%] Building CXX object examples/debug/CMakeFiles/llama-debug.dir/debug.cpp.o
[ 83%] Building CXX object examples/embedding/CMakeFiles/llama-embedding.dir/embedding.cpp.o
[ 83%] Built target test-quantize-perf
[ 83%] Building CXX object examples/eval-callback/CMakeFiles/llama-eval-callback.dir/eval-callback.cpp.o
[ 83%] Linking CXX executable ../bin/test-rope
[ 83%] Building CXX object examples/idle/CMakeFiles/llama-idle.dir/idle.cpp.o
[ 83%] Built target test-rope
[ 84%] Building CXX object examples/lookahead/CMakeFiles/llama-lookahead.dir/lookahead.cpp.o
-- UI: local npm build succeeded
[ 84%] Generating loading.html.hpp
[ 84%] Linking CXX executable ../bin/test-alloc
[ 84%] Linking CXX static library libserver-context.a
[ 84%] Generating bundle.css.hpp
[ 84%] Built target test-alloc
[ 84%] Generating bundle.js.hpp
[ 84%] Built target server-context
[ 84%] Linking CXX executable ../../bin/llama-batched
[ 84%] Linking CXX executable ../../bin/llama-eval-callback
[ 84%] Building CXX object examples/lookup/CMakeFiles/llama-lookup.dir/lookup.cpp.o
[ 85%] Linking CXX executable ../../bin/llama-idle
[ 85%] Built target llama-batched
[ 85%] Built target llama-eval-callback
[ 86%] Linking CXX executable ../../bin/llama-embedding
[ 86%] Built target llama-idle
[ 86%] Building CXX object examples/lookup/CMakeFiles/llama-lookup-create.dir/lookup-create.cpp.o
[ 86%] Building CXX object examples/lookup/CMakeFiles/llama-lookup-merge.dir/lookup-merge.cpp.o
[ 86%] Building CXX object examples/lookup/CMakeFiles/llama-lookup-stats.dir/lookup-stats.cpp.o
[ 87%] Building CXX object examples/parallel/CMakeFiles/llama-parallel.dir/parallel.cpp.o
[ 87%] Built target llama-embedding
[ 87%] Linking CXX executable ../../bin/llama-lookahead
[ 87%] Building CXX object examples/passkey/CMakeFiles/llama-passkey.dir/passkey.cpp.o
[ 87%] Built target llama-lookahead
[ 87%] Linking CXX executable ../../bin/llama-debug
[ 87%] Building CXX object examples/retrieval/CMakeFiles/llama-retrieval.dir/retrieval.cpp.o
[ 87%] Linking CXX executable ../bin/test-peg-parser
[ 87%] Linking CXX executable ../../bin/llama-lookup-merge
[ 87%] Linking CXX executable ../../bin/llama-lookup
[ 87%] Built target llama-debug
[ 88%] Linking CXX executable ../../bin/llama-lookup-create
[ 89%] Built target test-peg-parser
[ 89%] Built target llama-lookup-merge
[ 89%] Building CXX object examples/save-load-state/CMakeFiles/llama-save-load-state.dir/save-load-state.cpp.o
[ 89%] Built target llama-lookup
[ 89%] Building CXX object examples/speculative/CMakeFiles/llama-speculative.dir/speculative.cpp.o
[ 89%] Built target llama-lookup-create
[ 89%] Generating index.html.hpp
[ 89%] Building CXX object examples/speculative-simple/CMakeFiles/llama-speculative-simple.dir/speculative-simple.cpp.o
[ 89%] Building CXX object examples/gen-docs/CMakeFiles/llama-gen-docs.dir/gen-docs.cpp.o
[ 89%] Linking CXX executable ../../bin/llama-lookup-stats
[ 89%] Linking CXX executable ../../bin/llama-parallel
[ 89%] Linking CXX executable ../../bin/llama-passkey
[ 90%] Building CXX object examples/training/CMakeFiles/llama-finetune.dir/finetune.cpp.o
[ 90%] Built target llama-lookup-stats
[ 90%] Linking CXX static library libgguf-model-data.a
[ 90%] Built target llama-passkey
[ 90%] Built target llama-parallel
[ 90%] Building CXX object examples/diffusion/CMakeFiles/llama-diffusion.dir/diffusion.cpp.o
[ 90%] Building CXX object examples/convert-llama2c-to-ggml/CMakeFiles/llama-convert-llama2c-to-ggml.dir/convert-llama2c-to-ggml.cpp.o
[ 90%] Building CXX object pocs/vdot/CMakeFiles/llama-vdot.dir/vdot.cpp.o
[ 90%] Built target gguf-model-data
[ 90%] Building CXX object pocs/vdot/CMakeFiles/llama-q8dot.dir/q8dot.cpp.o
[ 91%] Linking CXX executable ../../bin/llama-retrieval
[ 91%] Linking CXX executable ../../bin/llama-save-load-state
[ 91%] Built target llama-retrieval
[ 91%] Built target llama-save-load-state
[ 91%] Linking CXX executable ../../bin/llama-finetune
[ 92%] Building CXX object tools/batched-bench/CMakeFiles/llama-batched-bench.dir/batched-bench.cpp.o
[ 92%] Building CXX object tools/gguf-split/CMakeFiles/llama-gguf-split.dir/gguf-split.cpp.o
[ 92%] Linking CXX executable ../../bin/llama-gen-docs
[ 92%] Linking CXX executable ../../bin/llama-speculative-simple
[ 92%] Built target llama-finetune
[ 92%] Built target llama-gen-docs
[ 92%] Linking CXX executable ../../bin/llama-vdot
[ 92%] Linking CXX static library libllama-diffusion.a
[ 92%] Built target llama-speculative-simple
[ 92%] Building CXX object tools/imatrix/CMakeFiles/llama-imatrix.dir/imatrix.cpp.o
[ 92%] Building CXX object tools/llama-bench/CMakeFiles/llama-bench.dir/llama-bench.cpp.o
[ 92%] Built target llama-vdot
[ 92%] Linking CXX executable ../../bin/llama-q8dot
[ 92%] Building CXX object tools/completion/CMakeFiles/llama-completion.dir/completion.cpp.o
[ 92%] Linking CXX executable ../../bin/llama-speculative
[ 92%] Building CXX object tools/perplexity/CMakeFiles/llama-perplexity.dir/perplexity.cpp.o
[ 92%] Built target llama-diffusion
[ 92%] Built target llama-q8dot
[ 92%] Built target llama-speculative
[ 92%] Linking CXX executable ../../bin/llama-convert-llama2c-to-ggml
[ 92%] Building CXX object tools/quantize/CMakeFiles/llama-quantize.dir/quantize.cpp.o
[ 92%] Building CXX object tools/cli/CMakeFiles/llama-cli.dir/cli.cpp.o
[ 92%] Linking CXX executable ../bin/test-backend-ops
[ 92%] Building CXX object tools/tokenize/CMakeFiles/llama-tokenize.dir/tokenize.cpp.o
[ 92%] Linking CXX executable ../../bin/llama-batched-bench
[ 92%] Linking CXX executable ../../bin/llama-gguf-split
[ 92%] Built target llama-convert-llama2c-to-ggml
[ 92%] Built target test-backend-ops
[ 92%] Built target llama-batched-bench
[ 92%] Building CXX object tools/parser/CMakeFiles/llama-debug-template-parser.dir/debug-template-parser.cpp.o
[ 92%] Built target llama-gguf-split
[ 93%] Building CXX object tools/parser/CMakeFiles/llama-template-analysis.dir/template-analysis.cpp.o
[ 93%] Building CXX object tools/tts/CMakeFiles/llama-tts.dir/tts.cpp.o
[ 93%] Building CXX object tools/mtmd/CMakeFiles/llama-mtmd-cli.dir/mtmd-cli.cpp.o
[ 93%] Linking CXX executable ../../bin/llama-tokenize
[ 93%] Built target llama-tokenize
[ 93%] Building CXX object tools/mtmd/CMakeFiles/llama-mtmd-debug.dir/debug/mtmd-debug.cpp.o
[ 94%] Building CXX object tools/ui/CMakeFiles/llama-ui.dir/ui.cpp.o
[ 94%] Linking CXX executable ../../bin/llama-completion
[ 94%] Built target llama-completion
[ 94%] Linking CXX executable ../../bin/llama-quantize
[ 95%] Building CXX object tools/cvector-generator/CMakeFiles/llama-cvector-generator.dir/cvector-generator.cpp.o
[ 95%] Built target llama-quantize
[ 96%] Linking CXX executable ../../bin/llama-perplexity
[ 96%] Building CXX object tools/export-lora/CMakeFiles/llama-export-lora.dir/export-lora.cpp.o
[ 96%] Linking CXX executable ../../bin/llama-mtmd-cli
[ 96%] Built target llama-perplexity
[ 96%] Linking CXX executable ../../bin/llama-imatrix
[ 96%] Built target llama-mtmd-cli
[ 96%] Linking CXX executable ../../bin/llama-mtmd-debug
[ 96%] Building CXX object tools/fit-params/CMakeFiles/llama-fit-params.dir/fit-params.cpp.o
[ 96%] Building CXX object tools/results/CMakeFiles/llama-results.dir/results.cpp.o
[ 96%] Built target llama-imatrix
[ 96%] Built target llama-mtmd-debug
[ 96%] Building CXX object tests/CMakeFiles/test-chat.dir/test-chat.cpp.o
[ 96%] Building CXX object tests/CMakeFiles/test-gguf-model-data.dir/test-gguf-model-data.cpp.o
[ 97%] Linking CXX executable ../../bin/llama-debug-template-parser
[ 97%] Linking CXX executable ../bin/test-gguf-model-data
[ 97%] Linking CXX executable ../../bin/llama-template-analysis
[ 97%] Linking CXX executable ../../bin/llama-fit-params
[ 97%] Linking CXX executable ../../bin/llama-cvector-generator
[ 98%] Linking CXX executable ../../bin/llama-tts
[ 98%] Built target llama-debug-template-parser
[ 98%] Built target test-gguf-model-data
[ 98%] Linking CXX executable ../../bin/llama-bench
[ 98%] Linking CXX executable ../../bin/llama-export-lora
[ 98%] Built target llama-fit-params
[ 98%] Built target llama-template-analysis
[ 98%] Linking CXX executable ../../bin/llama-results
[ 98%] Building CXX object tests/CMakeFiles/test-quant-type-selection.dir/test-quant-type-selection.cpp.o
[ 98%] Built target llama-cvector-generator
[ 98%] Built target llama-tts
[ 98%] Built target llama-export-lora
[ 98%] Built target llama-bench
[ 98%] Building CXX object tests/CMakeFiles/export-graph-ops.dir/export-graph-ops.cpp.o
[ 98%] Built target llama-results
[ 98%] Building CXX object examples/diffusion/CMakeFiles/llama-diffusion-cli.dir/diffusion-cli.cpp.o
[ 99%] Linking CXX executable ../../bin/llama-cli
[ 99%] Built target llama-cli
[ 99%] Linking CXX executable ../bin/test-quant-type-selection
[ 99%] Linking CXX executable ../bin/export-graph-ops
[ 99%] Built target test-quant-type-selection
[ 99%] Built target export-graph-ops
[ 99%] Linking CXX executable ../../bin/llama-diffusion-cli
[ 99%] Built target llama-diffusion-cli
[ 99%] Linking CXX static library libllama-ui.a
[ 99%] Built target llama-ui
[ 99%] Building CXX object tools/server/CMakeFiles/llama-server.dir/server.cpp.o
[100%] Building CXX object tools/server/CMakeFiles/llama-server.dir/server-models.cpp.o
[100%] Building CXX object tools/server/CMakeFiles/llama-server.dir/server-http.cpp.o
[100%] Linking CXX executable ../../bin/llama-server
[100%] Built target llama-server
[100%] Linking CXX executable ../bin/test-chat
[100%] Built target test-chat
=== llama.cpp updated ===
=== update_llamacpp.sh exit=0 2026-05-19T06:22:30Z ===
=== update_mlx_lm.sh start 2026-05-19T06:22:38Z ===
=== Updating mlx_lm ===
Using Python 3.12.13 environment at: .venvs/mlx_lm
   Updating https://github.com/ml-explore/mlx-lm (HEAD)
    Updated https://github.com/ml-explore/mlx-lm (df1d3f3c9a7aae402dcbb8f41d4c36bcc13a50ae)
Resolved 34 packages in 2.53s
   Building mlx-lm @ git+https://github.com/ml-explore/mlx-lm@df1d3f3c9a7aae402dcbb8f41d4c36bcc13a50ae
      Built mlx-lm @ git+https://github.com/ml-explore/mlx-lm@df1d3f3c9a7aae402dcbb8f41d4c36bcc13a50ae
Downloading numpy (5.0MiB)
 Downloaded numpy
Prepared 12 packages in 3.44s
Uninstalled 12 packages in 1.69s
Installed 12 packages in 198ms
 - click==8.3.3
 + click==8.4.0
 - fsspec==2026.3.0
 + fsspec==2026.4.0
 - hf-xet==1.4.3
 + hf-xet==1.5.0
 - huggingface-hub==1.11.0
 + huggingface-hub==1.15.0
 - idna==3.13
 + idna==3.15
 - markdown-it-py==4.0.0
 + markdown-it-py==4.2.0
 - mlx-lm==0.31.3 (from git+https://github.com/ml-explore/mlx-lm@ed1fca4cef15a824c5f1702c80f70b4cffc8e4dd)
 + mlx-lm==0.31.3 (from git+https://github.com/ml-explore/mlx-lm@df1d3f3c9a7aae402dcbb8f41d4c36bcc13a50ae)
 - numpy==2.4.4
 + numpy==2.4.6
 - packaging==26.1
 + packaging==26.2
 - regex==2026.4.4
 + regex==2026.5.9
 - transformers==5.6.0
 + transformers==5.8.1
 - typer==0.24.2
 + typer==0.25.1
=== mlx_lm updated ===
=== update_mlx_lm.sh exit=0 2026-05-19T06:22:46Z ===
=== update_omlx.sh start 2026-05-19T06:22:56Z ===
=== Updating omlx ===
From https://github.com/jundot/omlx
   edb0ac8..c231863  main       -> origin/main
 * [new tag]         v0.3.7     -> v0.3.7
 * [new tag]         v0.3.8     -> v0.3.8
 * [new tag]         v0.3.8.dev1 -> v0.3.8.dev1
 * [new tag]         v0.3.8.dev3 -> v0.3.8.dev3
 * [new tag]         v0.3.8rc1  -> v0.3.8rc1
 * [new tag]         v0.3.8rc2  -> v0.3.8rc2
 * [new tag]         v0.3.9.dev1 -> v0.3.9.dev1
 * [new tag]         v0.3.9.dev2 -> v0.3.9.dev2
Updating edb0ac8..c231863
Fast-forward
 .gitignore                                         |    3 +
 Formula/omlx.rb                                    |   68 +-
 README.fr.md                                       |  377 ++
 README.ja.md                                       |   18 +-
 README.ko.md                                       |   18 +-
 README.md                                          |    6 +-
 README.zh.md                                       |   12 +-
 docs/experimental/dflash_mlx_integration.md        |   25 +-
 docs/images/omlx_applications.png                  |  Bin 0 -> 231030 bytes
 omlx/_version.py                                   |    2 +-
 omlx/adapter/gemma4.py                             |  113 +-
 omlx/admin/benchmark.py                            |   97 +-
 omlx/admin/hf_downloader.py                        |  165 +-
 omlx/admin/hf_uploader.py                          |    6 +-
 omlx/admin/i18n/en.json                            |   82 +-
 omlx/admin/i18n/es.json                            |  717 ++++
 omlx/admin/i18n/fr.json                            |  717 ++++
 omlx/admin/i18n/ja.json                            |   82 +-
 omlx/admin/i18n/ko.json                            |   82 +-
 omlx/admin/i18n/ru.json                            |  717 ++++
 omlx/admin/i18n/zh-TW.json                         |   82 +-
 omlx/admin/i18n/zh.json                            |   82 +-
 omlx/admin/ms_downloader.py                        |   24 +-
 omlx/admin/oq_manager.py                           |   20 +-
 omlx/admin/routes.py                               | 1202 +++++--
 omlx/admin/static/css/dashboard.css                |   28 +-
 omlx/admin/static/css/tailwind.css                 |    2 +-
 omlx/admin/static/img/integrations/claude.png      |  Bin 0 -> 62828 bytes
 omlx/admin/static/img/integrations/codex.png       |  Bin 0 -> 4081 bytes
 omlx/admin/static/img/integrations/copilot.svg     |   22 +
 omlx/admin/static/img/integrations/hermes.svg      |   13 +
 omlx/admin/static/img/integrations/openclaw.png    |  Bin 0 -> 614 bytes
 omlx/admin/static/img/integrations/opencode.png    |  Bin 0 -> 1541 bytes
 omlx/admin/static/img/integrations/pi.svg          |   29 +
 omlx/admin/static/js/dashboard.js                  |  503 ++-
 omlx/admin/templates/chat.html                     | 3749 ++++++++++++--------
 omlx/admin/templates/dashboard/_bench.html         |   18 +
 omlx/admin/templates/dashboard/_logs.html          |   24 +-
 .../templates/dashboard/_modal_model_settings.html |  235 +-
 omlx/admin/templates/dashboard/_models.html        |  443 ++-
 omlx/admin/templates/dashboard/_navbar.html        |    2 +-
 omlx/admin/templates/dashboard/_settings.html      |   69 +
 omlx/admin/templates/dashboard/_status.html        |  427 ++-
 omlx/api/adapters/base.py                          |    2 +
 omlx/api/adapters/openai.py                        |    7 +
 omlx/api/anthropic_models.py                       |   29 +-
 omlx/api/anthropic_utils.py                        |  107 +-
 omlx/api/audio_models.py                           |    2 +
 omlx/api/audio_routes.py                           |  413 ++-
 omlx/api/openai_models.py                          |    9 +-
 omlx/api/responses_models.py                       |   22 +-
 omlx/api/responses_utils.py                        |  125 +-
 omlx/api/shared_models.py                          |    3 +
 omlx/api/thinking.py                               |   90 +-
 omlx/api/tool_calling.py                           |   15 +-
 omlx/api/utils.py                                  |    4 +
 omlx/cache/_rotating_subclass.py                   |   46 +
 omlx/cache/boundary_snapshot_store.py              |  405 ++-
 omlx/cache/observability.py                        |  149 +
 omlx/cache/paged_ssd_cache.py                      |  865 +++--
 omlx/cache/prefix_cache.py                         |  891 +++--
 omlx/cache/stats.py                                |    4 +
 omlx/cache/type_handlers.py                        |  414 ++-
 omlx/cache/type_registry.py                        |   15 +-
 omlx/cli.py                                        |  110 +-
 omlx/config.py                                     |    6 +-
 omlx/engine/audio_utils.py                         |   38 +-
 omlx/engine/base.py                                |  108 +-
 omlx/engine/batched.py                             |  174 +-
 omlx/engine/dflash.py                              |  711 +++-
 omlx/engine/embedding.py                           |   27 +-
 omlx/engine/reranker.py                            |   20 +-
 omlx/engine/sts.py                                 |    9 +-
 omlx/engine/stt.py                                 |  131 +-
 omlx/engine/tts.py                                 |  167 +-
 omlx/engine/vlm.py                                 |  543 ++-
 omlx/engine_core.py                                |   45 +-
 omlx/engine_pool.py                                |  120 +-
 omlx/eval/kmmlu.py                                 |    4 +-
 omlx/exceptions.py                                 |   35 +
 omlx/integrations/__init__.py                      |   11 +-
 omlx/integrations/base.py                          |  158 +-
 omlx/integrations/claude.py                        |   80 +
 omlx/integrations/codex.py                         |   11 +-
 omlx/integrations/copilot.py                       |   66 +
 omlx/integrations/hermes.py                        |  177 +
 omlx/memory_monitor.py                             |   14 +-
 omlx/model_discovery.py                            |    1 +
 omlx/model_profiles.py                             |   18 +-
 omlx/model_settings.py                             |   82 +-
 omlx/models/embedding.py                           |   59 +-
 omlx/models/llm.py                                 |   50 +-
 omlx/models/mlx_embeddings_compat.py               |   75 +
 omlx/models/reranker.py                            |   62 +-
 omlx/models/vlm.py                                 |  198 +-
 omlx/oq.py                                         | 1055 ++++--
 omlx/patches/deepseek_v4/README.md                 |   77 +
 omlx/patches/deepseek_v4/__init__.py               |  177 +
 omlx/patches/deepseek_v4/cache_extras.py           |  564 +++
 omlx/patches/deepseek_v4/cache_handlers.py         |  262 ++
 omlx/patches/deepseek_v4/chat_template_v4.py       |  415 +++
 omlx/patches/deepseek_v4/deepseek_v4_model.py      | 1171 ++++++
 omlx/patches/deepseek_v4/generate_patch.py         |   91 +
 omlx/patches/deepseek_v4/hyper_connection.py       |  285 ++
 omlx/patches/deepseek_v4/tokenizer_patch.py        |  268 ++
 omlx/patches/deepseek_v4/tool_parser_v4.py         |  121 +
 omlx/patches/deepseek_v4/utils_patch.py            |  263 ++
 omlx/patches/gated_delta_advance.py                |  223 +-
 omlx/patches/mlx_lm_mtp/__init__.py                |   93 +
 omlx/patches/mlx_lm_mtp/batch_generator.py         | 1020 ++++++
 omlx/patches/mlx_lm_mtp/cache_rollback.py          |   45 +
 omlx/patches/mlx_lm_mtp/deepseek_v4_model.py       |  517 +++
 omlx/patches/mlx_lm_mtp/qwen35_model.py            |  732 ++++
 omlx/patches/mlx_vlm_mtp/__init__.py               |   76 +
 omlx/patches/mlx_vlm_mtp/qwen35_moe_vlm_model.py   |  152 +
 omlx/patches/mlx_vlm_mtp/qwen35_moe_vlm_runtime.py |  446 +++
 omlx/patches/mlx_vlm_mtp/qwen35_vlm_model.py       |  112 +
 omlx/patches/mlx_vlm_mtp/qwen35_vlm_runtime.py     |  304 ++
 omlx/patches/qwen3_5_attention.py                  |  312 ++
 omlx/patches/qwen3_6_nested_visual.py              |  111 +
 omlx/patches/specprefill.py                        |   52 +-
 omlx/patches/turboquant_attention.py               |    2 +-
 omlx/prefill_progress.py                           |   64 +-
 omlx/process_memory_enforcer.py                    |  230 +-
 omlx/request.py                                    |    4 +-
 omlx/scheduler.py                                  | 2916 ++++++++++++---
 omlx/server.py                                     |  604 +++-
 omlx/settings.py                                   |   60 +-
 omlx/speculative/__init__.py                       |    8 +
 omlx/speculative/vlm_mtp.py                        |  196 +
 omlx/utils/model_loading.py                        |  283 ++
 omlx/utils/proc_memory.py                          |  118 +
 omlx/utils/release_check.py                        |   41 +
 omlx/utils/sampling.py                             |  180 +
 packaging/build.py                                 |   60 +-
 packaging/omlx_app/app.py                          |  100 +-
 packaging/omlx_app/config.py                       |  173 +-
 packaging/omlx_app/preferences.py                  |   22 +-
 packaging/omlx_app/server_manager.py               |   55 +-
 packaging/omlx_app/welcome.py                      |    7 +-
 packaging/venvstacks.toml                          |   18 +-
 pyproject.toml                                     |   35 +-
 .../test_audio_tts_streaming_integration.py        |  132 +
 tests/integration/test_e2e_streaming.py            |   81 +
 tests/integration/test_full_integration.py         |   23 +-
 tests/integration/test_server_endpoints.py         |   62 +-
 tests/integration/test_vlm_mrope_integration.py    |   23 +-
 tests/test_accuracy_benchmark.py                   |    2 +-
 tests/test_active_models_visibility.py             |  179 +
 tests/test_admin_api_key.py                        |    5 +
 tests/test_admin_auth.py                           |   12 +-
 tests/test_admin_restart.py                        |   90 +
 tests/test_admin_update_check.py                   |   18 +-
 tests/test_anthropic_models.py                     |   69 +
 tests/test_api_utils.py                            |  157 +
 tests/test_audio_stt.py                            |  431 ++-
 tests/test_audio_tts.py                            |  288 +-
 tests/test_batched_engine.py                       |  111 +-
 tests/test_benchmark.py                            |  144 +
 tests/test_cache_ntuple_state.py                   |  648 ++++
 tests/test_cache_observability.py                  |  202 ++
 tests/test_cache_type_handlers.py                  |   73 +-
 tests/test_cli.py                                  |   73 +
 tests/test_config.py                               |    5 +-
 tests/test_deepseek_v4_patch.py                    |  704 ++++
 tests/test_dflash_engine.py                        |  571 ++-
 tests/test_embedding.py                            |   33 +-
 tests/test_exceptions.py                           |   13 +
 tests/test_gated_delta_advance.py                  |   62 +
 tests/test_gemma4_messages.py                      |  217 +-
 tests/test_grammar.py                              |  127 +-
 tests/test_hf_downloader.py                        |  424 ++-
 tests/test_hf_uploader.py                          |   24 +-
 tests/test_hot_cache.py                            |  376 +-
 tests/test_hybrid_cache.py                         |   33 +-
 tests/test_integrations.py                         |  539 ++-
 tests/test_memory_monitor.py                       |   68 +
 tests/test_mlx_embeddings_compat.py                |  176 +
 tests/test_mlx_lm_mtp_patch.py                     |  505 +++
 tests/test_model_loading.py                        |  146 +
 tests/test_model_settings.py                       |   15 +
 tests/test_ms_downloader.py                        |   28 +
 tests/test_non_streaming_activity.py               |   47 +
 tests/test_omlx_app.py                             |  340 +-
 tests/test_oq.py                                   | 1306 ++++++-
 tests/test_output_parser.py                        |   82 +
 tests/test_paged_ssd_cache.py                      |  213 +-
 tests/test_prefill_progress_activity.py            |   39 +
 tests/test_prefix_cache_v4_block_storage.py        |  232 ++
 tests/test_proc_memory.py                          |   49 +
 tests/test_process_memory_enforcer.py              |  239 +-
 tests/test_request.py                              |    4 +-
 tests/test_responses.py                            |  149 +-
 tests/test_rotating_cache_contract.py              |  204 ++
 tests/test_sampling.py                             |  175 +
 tests/test_scheduler.py                            |  165 +
 tests/test_scheduler_admission.py                  |  102 +
 tests/test_scheduler_chunked_prefill.py            |  473 +++
 tests/test_scheduler_logits_processors.py          |  156 +
 tests/test_server.py                               |   93 +
 tests/test_server_queue_full_handler.py            |   61 +
 tests/test_settings.py                             |   24 +
 tests/test_sse_keepalive.py                        |  118 +
 tests/test_stream_usage.py                         |   57 +-
 tests/test_thinking.py                             |  146 +
 tests/test_tool_calling.py                         |   16 +
 tests/test_updater.py                              |   82 +-
 tests/test_v4_multi_session.py                     |  168 +
 tests/test_vlm_audio_fallback.py                   |  199 ++
 tests/test_vlm_engine.py                           |   51 +
 tests/test_vlm_model_adapter.py                    |  166 +-
 tests/test_vlm_mtp.py                              |  193 +
 tests/test_vlm_torch_free_image_processor.py       |  357 ++
 213 files changed, 38688 insertions(+), 5235 deletions(-)
 create mode 100644 README.fr.md
 create mode 100644 docs/images/omlx_applications.png
 create mode 100644 omlx/admin/i18n/es.json
 create mode 100644 omlx/admin/i18n/fr.json
 create mode 100644 omlx/admin/i18n/ru.json
 create mode 100644 omlx/admin/static/img/integrations/claude.png
 create mode 100644 omlx/admin/static/img/integrations/codex.png
 create mode 100644 omlx/admin/static/img/integrations/copilot.svg
 create mode 100644 omlx/admin/static/img/integrations/hermes.svg
 create mode 100644 omlx/admin/static/img/integrations/openclaw.png
 create mode 100644 omlx/admin/static/img/integrations/opencode.png
 create mode 100644 omlx/admin/static/img/integrations/pi.svg
 create mode 100644 omlx/cache/_rotating_subclass.py
 create mode 100644 omlx/cache/observability.py
 create mode 100644 omlx/integrations/claude.py
 create mode 100644 omlx/integrations/copilot.py
 create mode 100644 omlx/integrations/hermes.py
 create mode 100644 omlx/models/mlx_embeddings_compat.py
 create mode 100644 omlx/patches/deepseek_v4/README.md
 create mode 100644 omlx/patches/deepseek_v4/__init__.py
 create mode 100644 omlx/patches/deepseek_v4/cache_extras.py
 create mode 100644 omlx/patches/deepseek_v4/cache_handlers.py
 create mode 100644 omlx/patches/deepseek_v4/chat_template_v4.py
 create mode 100644 omlx/patches/deepseek_v4/deepseek_v4_model.py
 create mode 100644 omlx/patches/deepseek_v4/generate_patch.py
 create mode 100644 omlx/patches/deepseek_v4/hyper_connection.py
 create mode 100644 omlx/patches/deepseek_v4/tokenizer_patch.py
 create mode 100644 omlx/patches/deepseek_v4/tool_parser_v4.py
 create mode 100644 omlx/patches/deepseek_v4/utils_patch.py
 create mode 100644 omlx/patches/mlx_lm_mtp/__init__.py
 create mode 100644 omlx/patches/mlx_lm_mtp/batch_generator.py
 create mode 100644 omlx/patches/mlx_lm_mtp/cache_rollback.py
 create mode 100644 omlx/patches/mlx_lm_mtp/deepseek_v4_model.py
 create mode 100644 omlx/patches/mlx_lm_mtp/qwen35_model.py
 create mode 100644 omlx/patches/mlx_vlm_mtp/__init__.py
 create mode 100644 omlx/patches/mlx_vlm_mtp/qwen35_moe_vlm_model.py
 create mode 100644 omlx/patches/mlx_vlm_mtp/qwen35_moe_vlm_runtime.py
 create mode 100644 omlx/patches/mlx_vlm_mtp/qwen35_vlm_model.py
 create mode 100644 omlx/patches/mlx_vlm_mtp/qwen35_vlm_runtime.py
 create mode 100644 omlx/patches/qwen3_5_attention.py
 create mode 100644 omlx/patches/qwen3_6_nested_visual.py
 create mode 100644 omlx/speculative/__init__.py
 create mode 100644 omlx/speculative/vlm_mtp.py
 create mode 100644 omlx/utils/proc_memory.py
 create mode 100644 omlx/utils/release_check.py
 create mode 100644 omlx/utils/sampling.py
 create mode 100644 tests/integration/test_audio_tts_streaming_integration.py
 create mode 100644 tests/test_active_models_visibility.py
 create mode 100644 tests/test_admin_restart.py
 create mode 100644 tests/test_cache_ntuple_state.py
 create mode 100644 tests/test_cache_observability.py
 create mode 100644 tests/test_deepseek_v4_patch.py
 create mode 100644 tests/test_gated_delta_advance.py
 create mode 100644 tests/test_mlx_embeddings_compat.py
 create mode 100644 tests/test_mlx_lm_mtp_patch.py
 create mode 100644 tests/test_model_loading.py
 create mode 100644 tests/test_non_streaming_activity.py
 create mode 100644 tests/test_prefill_progress_activity.py
 create mode 100644 tests/test_prefix_cache_v4_block_storage.py
 create mode 100644 tests/test_proc_memory.py
 create mode 100644 tests/test_rotating_cache_contract.py
 create mode 100644 tests/test_sampling.py
 create mode 100644 tests/test_scheduler_admission.py
 create mode 100644 tests/test_scheduler_chunked_prefill.py
 create mode 100644 tests/test_scheduler_logits_processors.py
 create mode 100644 tests/test_server_queue_full_handler.py
 create mode 100644 tests/test_v4_multi_session.py
 create mode 100644 tests/test_vlm_audio_fallback.py
 create mode 100644 tests/test_vlm_mtp.py
 create mode 100644 tests/test_vlm_torch_free_image_processor.py
Using Python 3.12.13 environment at: /Users/haorzhang/applebench/.venvs/omlx
   Updating https://github.com/Blaizzy/mlx-vlm (f96138eef1f5ce7fb5d97f8dd41a664a195b5659)
    Updated https://github.com/Blaizzy/mlx-vlm (f96138eef1f5ce7fb5d97f8dd41a664a195b5659)
Resolved 87 packages in 3.91s
   Building omlx @ file:///Users/haorzhang/applebench/.frameworks/omlx
   Updating https://github.com/bstnxbt/dflash-mlx (1ba671372b289c025b435c1a13aabb4bfb80b183)
   Building mlx-vlm @ git+https://github.com/Blaizzy/mlx-vlm@f96138eef1f5ce7fb5d97f8dd41a664a195b5659
      Built omlx @ file:///Users/haorzhang/applebench/.frameworks/omlx
Downloading llguidance (3.0MiB)
    Updated https://github.com/bstnxbt/dflash-mlx (1ba671372b289c025b435c1a13aabb4bfb80b183)
   Building dflash-mlx @ git+https://github.com/bstnxbt/dflash-mlx@1ba671372b289c025b435c1a13aabb4bfb80b183
      Built mlx-vlm @ git+https://github.com/Blaizzy/mlx-vlm@f96138eef1f5ce7fb5d97f8dd41a664a195b5659
      Built dflash-mlx @ git+https://github.com/bstnxbt/dflash-mlx@1ba671372b289c025b435c1a13aabb4bfb80b183
Downloading mlx-audio (1.3MiB)
 Downloaded mlx-audio
Downloading numpy (4.9MiB)
 Downloaded llguidance
 Downloaded numpy
Downloading scipy (19.4MiB)
 Downloaded scipy
Prepared 8 packages in 22.80s
Uninstalled 5 packages in 3.52s
Installed 13 packages in 403ms
 - dflash-mlx==0.1.3 (from git+https://github.com/jundot/dflash-mlx@814c4a1203744c96ee3aa00802cf495abdf77a59)
 + dflash-mlx==0.1.7 (from git+https://github.com/bstnxbt/dflash-mlx@1ba671372b289c025b435c1a13aabb4bfb80b183)
 + llguidance==1.7.5
 + mistral-common==1.11.2
 + mlx-audio==0.4.3
 - mlx-vlm==0.4.4 (from git+https://github.com/Blaizzy/mlx-vlm@3472132fe6ee7beeae2c2fc35923eaed2e734b3d)
 + mlx-vlm==0.5.0 (from git+https://github.com/Blaizzy/mlx-vlm@f96138eef1f5ce7fb5d97f8dd41a664a195b5659)
 - numpy==2.4.4
 + numpy==2.3.5
 - omlx==0.3.7rc2 (from file:///Users/haorzhang/applebench/.frameworks/omlx)
 + omlx==0.3.9.dev2 (from file:///Users/haorzhang/applebench/.frameworks/omlx)
 + pycountry==26.2.16
 + pydantic-extra-types==2.11.1
 + python-multipart==0.0.29
 + scipy==1.17.1
 + sounddevice==0.5.5
 - transformers==5.3.0
 + transformers==5.8.1
=== omlx updated ===
=== update_omlx.sh exit=0 2026-05-19T06:23:30Z ===
@@@ RUN CHAT START 2026-05-19T06:33:22Z
=== AppleBench Environment Check ===

Platform:
  [ok]   Apple Silicon (arm64)
  [ok]   Xcode Command Line Tools

Required tools:
  [ok]   uv
  [ok]   cmake
  [warn] cargo not found (mistral.rs already built)
         curl --proto '=https' --tlsv1.2 -sSf https://sh.rustup.rs | sh
  [ok]   huggingface-cli (hf)

Python:
  [ok]   Python 3.12 (/Users/haorzhang/.local/share/uv/python/cpython-3.12-macos-aarch64-none/bin/python3.12)

Frameworks (run install scripts if missing):
  [ok]   llama.cpp
  [ok]   mlx_lm
  [ok]   mistral.rs
  [ok]   vllm-metal
  [ok]   omlx
  [ok]   ollama
  [ok]   inferrs
  [ok]   vllm-mlx
  [ok]   hf_transformers
  [ok]   sglang

Models (run scripts/download_model.sh if missing):
  [ok]   GGUF: Qwen3-0.6B-BF16.gguf
  [ok]   MLX: Qwen3-0.6B-bf16-mlx
  [ok]   HF: Qwen3-0.6B

Benchmark:
  [ok]   bench venv

===========================================
 All prerequisites met, 1 warning(s)
===========================================

=========================================
 AppleBench — Full Benchmark Run
 Model: Qwen3-0.6B
 Split: chat
 Output: /Users/haorzhang/applebench/results/Qwen3-0.6B/chat
 Skip-existing: true
 Tue May 19 01:33:22 CDT 2026
=========================================

Resume mode — keeping existing results.
  Cleaning up all inference processes...
===========================================
 Benchmarking: llamacpp (port 8001)
===========================================
Starting llamacpp server...
=== Starting llama.cpp server on port 8001 ===
PID: 21028
Waiting for server to be ready...
llama.cpp server is ready on port 8001

Framework: llamacpp
Model: Qwen3-0.6B-BF16.gguf
Endpoint: http://localhost:8001

--- Concurrency: 1 ---
  Warming up (3 requests)...
  Running 100 requests at concurrency 1...
  ⚠ WARNING: 30/100 requests had server completion_tokens diverging >5% from SSE chunk count (avg ratio 1.18x). Framework may be bundling multiple tokens per chunk — per-request throughput_avg_tps and itl_avg_ms are chunk-based and therefore suspect.
  TTFT avg: 172.8ms | Throughput avg: 161.5 tok/s | Output: 104.9 tok/s | ITL avg: 5.8ms | Wall: 43.7s

--- Concurrency: 8 ---
  Warming up (3 requests)...
  Running 100 requests at concurrency 8...
  ⚠ WARNING: 30/100 requests had server completion_tokens diverging >5% from SSE chunk count (avg ratio 1.18x). Framework may be bundling multiple tokens per chunk — per-request throughput_avg_tps and itl_avg_ms are chunk-based and therefore suspect.
  TTFT avg: 906.6ms | Throughput avg: 76.4 tok/s | Output: 228.2 tok/s | ITL avg: 14.6ms | Wall: 20.1s

--- Concurrency: 16 ---
  Warming up (3 requests)...
  Running 100 requests at concurrency 16...
  ⚠ WARNING: 30/100 requests had server completion_tokens diverging >5% from SSE chunk count (avg ratio 1.18x). Framework may be bundling multiple tokens per chunk — per-request throughput_avg_tps and itl_avg_ms are chunk-based and therefore suspect.
  TTFT avg: 2230.2ms | Throughput avg: 79.6 tok/s | Output: 240.6 tok/s | ITL avg: 14.0ms | Wall: 19.1s

Total benchmark duration: 87.6s
Results saved to: /Users/haorzhang/applebench/results/Qwen3-0.6B/chat/llamacpp_20260519_013340.json
Outputs saved to: /Users/haorzhang/applebench/results/Qwen3-0.6B/chat/llamacpp_20260519_013340_outputs.jsonl (300 records)

Stopping llamacpp server...
llama.cpp server (PID 21028) stopped
  Cleaning up all inference processes...
Cooling down for 60s...

===========================================
 Benchmarking: mlx_lm (port 8002)
===========================================
Starting mlx_lm server...
=== Starting mlx_lm server on port 8002 ===
PID: 21428
Waiting for server to be ready...
mlx_lm server is ready on port 8002

Framework: mlx_lm
Model: /Users/haorzhang/applebench/.models/Qwen3-0.6B-bf16-mlx
Endpoint: http://localhost:8002

--- Concurrency: 1 ---
  Warming up (3 requests)...
  Running 100 requests at concurrency 1...
  ⚠ WARNING: 33/100 requests had server completion_tokens diverging >5% from SSE chunk count (avg ratio 1.21x). Framework may be bundling multiple tokens per chunk — per-request throughput_avg_tps and itl_avg_ms are chunk-based and therefore suspect.
  TTFT avg: 308.4ms | Throughput avg: 127.7 tok/s | Output: 74.7 tok/s | ITL avg: 7.1ms | Wall: 64.5s

--- Concurrency: 8 ---
  Warming up (3 requests)...
  Running 100 requests at concurrency 8...
  ⚠ WARNING: 35/100 requests had server completion_tokens diverging >5% from SSE chunk count (avg ratio 1.21x). Framework may be bundling multiple tokens per chunk — per-request throughput_avg_tps and itl_avg_ms are chunk-based and therefore suspect.
  TTFT avg: 1707.3ms | Throughput avg: 16.6 tok/s | Output: 71.1 tok/s | ITL avg: 72.3ms | Wall: 66.8s

--- Concurrency: 16 ---
  Warming up (3 requests)...
  Running 100 requests at concurrency 16...
  ⚠ WARNING: 34/100 requests had server completion_tokens diverging >5% from SSE chunk count (avg ratio 1.19x). Framework may be bundling multiple tokens per chunk — per-request throughput_avg_tps and itl_avg_ms are chunk-based and therefore suspect.
  TTFT avg: 3118.4ms | Throughput avg: 5.8 tok/s | Output: 59.5 tok/s | ITL avg: 227.7ms | Wall: 77.1s

Total benchmark duration: 216.1s
Results saved to: /Users/haorzhang/applebench/results/Qwen3-0.6B/chat/mlx_lm_20260519_013618.json
Outputs saved to: /Users/haorzhang/applebench/results/Qwen3-0.6B/chat/mlx_lm_20260519_013618_outputs.jsonl (300 records)

Stopping mlx_lm server...
mlx_lm server (PID 21428) stopped
  Cleaning up all inference processes...
Cooling down for 60s...

===========================================
 Benchmarking: vllm_metal (port 8004)
===========================================
Starting vllm_metal server...
=== Starting vllm-metal server on port 8004 ===
PID: 22208
Waiting for server to be ready...
vllm-metal server is ready on port 8004

Framework: vllm_metal
Model: /Users/haorzhang/applebench/.models/Qwen3-0.6B
Endpoint: http://localhost:8004

--- Concurrency: 1 ---
  Warming up (3 requests)...
  Running 100 requests at concurrency 1...
  ⚠ WARNING: 32/100 requests had server completion_tokens diverging >5% from SSE chunk count (avg ratio 1.19x). Framework may be bundling multiple tokens per chunk — per-request throughput_avg_tps and itl_avg_ms are chunk-based and therefore suspect.
  TTFT avg: 218.6ms | Throughput avg: 68.1 tok/s | Output: 50.2 tok/s | ITL avg: 14.8ms | Wall: 92.7s

--- Concurrency: 8 ---
  Warming up (3 requests)...
  Running 100 requests at concurrency 8...
  ⚠ WARNING: 32/100 requests had server completion_tokens diverging >5% from SSE chunk count (avg ratio 1.18x). Framework may be bundling multiple tokens per chunk — per-request throughput_avg_tps and itl_avg_ms are chunk-based and therefore suspect.
  TTFT avg: 132.7ms | Throughput avg: 18.5 tok/s | Output: 145.5 tok/s | ITL avg: 52.1ms | Wall: 31.5s

--- Concurrency: 16 ---
  Warming up (3 requests)...
  Running 100 requests at concurrency 16...
  ⚠ WARNING: 31/100 requests had server completion_tokens diverging >5% from SSE chunk count (avg ratio 1.18x). Framework may be bundling multiple tokens per chunk — per-request throughput_avg_tps and itl_avg_ms are chunk-based and therefore suspect.
  TTFT avg: 188.1ms | Throughput avg: 13.4 tok/s | Output: 190.8 tok/s | ITL avg: 71.7ms | Wall: 24.1s

Total benchmark duration: 157.0s
Results saved to: /Users/haorzhang/applebench/results/Qwen3-0.6B/chat/vllm_metal_20260519_014117.json
Outputs saved to: /Users/haorzhang/applebench/results/Qwen3-0.6B/chat/vllm_metal_20260519_014117_outputs.jsonl (300 records)

Stopping vllm_metal server...
vllm-metal server (PID 22208) stopped
  Cleaning up all inference processes...
Cooling down for 60s...

===========================================
 Benchmarking: omlx (port 8005)
===========================================
Starting omlx server...
omlx model dir reset to single entry: Qwen3-0.6B-bf16-mlx -> /Users/haorzhang/applebench/.models/Qwen3-0.6B-bf16-mlx
=== Starting omlx server on port 8005 ===
PID: 22819
Waiting for server to be ready...
omlx server is ready on port 8005

Framework: omlx
Model: Qwen3-0.6B-bf16-mlx
Endpoint: http://localhost:8005

--- Concurrency: 1 ---
  Warming up (3 requests)...
  Running 100 requests at concurrency 1...
  ⚠ WARNING: 4/100 requests had server completion_tokens diverging >5% from SSE chunk count (avg ratio 1.16x). Framework may be bundling multiple tokens per chunk — per-request throughput_avg_tps and itl_avg_ms are chunk-based and therefore suspect.
  TTFT avg: 296.1ms | Throughput avg: 154.8 tok/s | Output: 82.7 tok/s | ITL avg: 5.3ms | Wall: 55.6s

--- Concurrency: 8 ---
  Warming up (3 requests)...
  Running 100 requests at concurrency 8...
  ⚠ WARNING: 5/100 requests had server completion_tokens diverging >5% from SSE chunk count (avg ratio 1.14x). Framework may be bundling multiple tokens per chunk — per-request throughput_avg_tps and itl_avg_ms are chunk-based and therefore suspect.
  TTFT avg: 448.9ms | Throughput avg: 16.7 tok/s | Output: 113.1 tok/s | ITL avg: 63.3ms | Wall: 40.6s

--- Concurrency: 16 ---
  Warming up (3 requests)...
  Running 100 requests at concurrency 16...
  ⚠ WARNING: 5/100 requests had server completion_tokens diverging >5% from SSE chunk count (avg ratio 1.14x). Framework may be bundling multiple tokens per chunk — per-request throughput_avg_tps and itl_avg_ms are chunk-based and therefore suspect.
  TTFT avg: 3236.8ms | Throughput avg: 16.8 tok/s | Output: 115.7 tok/s | ITL avg: 62.2ms | Wall: 38.8s

Total benchmark duration: 141.9s
Results saved to: /Users/haorzhang/applebench/results/Qwen3-0.6B/chat/omlx_20260519_014506.json
Outputs saved to: /Users/haorzhang/applebench/results/Qwen3-0.6B/chat/omlx_20260519_014506_outputs.jsonl (300 records)

Stopping omlx server...
omlx server (PID 22819) stopped
  Cleaning up all inference processes...
Cooling down for 60s...

===========================================
 Collecting results and generating report
===========================================
Comparison saved to: /Users/haorzhang/applebench/results/Qwen3-0.6B/chat/comparison.json
Frameworks: inferrs, mlx_lm, mistralrs, vllm_mlx, omlx, vllm_metal, sglang, ollama, hf_transformers, llamacpp
Report saved to: /Users/haorzhang/applebench/results/Qwen3-0.6B/chat/REPORT.md

# AppleBench Results — Qwen3-0.6B (chat)

**Model:** Qwen3-0.6B
**Split:** chat
**Generated:** 2026-05-19 01:48:36

## Concurrency: 1

| Metric | inferrs | mlx_lm | mistralrs | vllm_mlx | omlx | vllm_metal | sglang | ollama | hf_transformers | llamacpp |
|--------|--------|--------|--------|--------|--------|--------|--------|--------|--------|--------|
| Successful / Failed | 100 / 0 | 100 / 0 | 100 / 0 | 99 / 1 | 100 / 0 | 100 / 0 | 100 / 0 | 100 / 0 | 100 / 0 | 100 / 0 |
| TTFT avg (ms) | 2140.8 | 308.4 | 377.4 | 186.7 | 296.1 | 218.6 | 222.8 | 971.7 | 7424.5 | 172.8 |
| TTFT p50 (ms) | 920.1 | 201.2 | 178.5 | 108.2 | 227.1 | 115.1 | 108.7 | 381.5 | 4450.6 | 91.5 |
| TTFT p99 (ms) | 7865.9 | 993.7 | 1402.9 | 891.8 | 838.6 | 1148.9 | 819.8 | 4036.1 | 27582.3 | 857.8 |
| Throughput avg (tok/s) | 5.1 | 127.7 | 47.8 | 131.3 | 154.8 | 68.1 | 131.8 | 24.6 | 1.1 | 161.5 |
| Output throughput (tok/s) | 3.4 | 74.7 | 43.3 | 112.4 | 82.7 | 50.2 | 85.8 | 21.4 | 1.0 | 104.9 |
| Input throughput (tok/s) | N/A | 1544.8 | 279.3 | 2264.9 | 1794.0 | 1075.5 | 1787.5 | 131.8 | 6.5 | 2283.2 |
| Total token throughput (tok/s) | N/A | 1619.5 | 322.5 | 2377.2 | 1876.7 | 1125.6 | 1873.4 | 153.3 | 7.5 | 2388.1 |
| ITL avg (ms) | 222.8 | 7.1 | 20.9 | 10.6 | 5.3 | 14.8 | 7.1 | 40.7 | 935.0 | 5.8 |
| ITL p50 (ms) | 170.6 | 6.8 | 20.8 | 10.4 | 5.1 | 12.6 | 6.9 | 39.9 | 925.7 | 5.6 |
| Latency avg (s) | 15.56 | 0.65 | 3.55 | 0.44 | 0.56 | 0.93 | 0.56 | 7.47 | 152.47 | 0.44 |
| Latency p99 (s) | 100.93 | 2.09 | 6.98 | 1.84 | 2.00 | 4.59 | 2.32 | 15.60 | 279.18 | 1.73 |
| Wall time (s) | 1556.2 | 64.5 | 355.5 | 43.9 | 55.6 | 92.7 | 55.8 | 746.9 | 15246.7 | 43.7 |

## Concurrency: 8

| Metric | inferrs | mlx_lm | mistralrs | vllm_mlx | omlx | vllm_metal | sglang | ollama | hf_transformers | llamacpp |
|--------|--------|--------|--------|--------|--------|--------|--------|--------|--------|--------|
| Successful / Failed | 97 / 3 | 100 / 0 | 55 / 45 | 34 / 66 | 100 / 0 | 100 / 0 | 100 / 0 | 100 / 0 | SKIPPED (PREVIOUS LEVEL TOO SLOW) | 100 / 0 |
| TTFT avg (ms) | 6271.6 | 1707.3 | 5762.0 | 486.4 | 448.9 | 132.7 | 436.2 | 2495.7 | 0.0 | 906.6 |
| TTFT p50 (ms) | 5489.1 | 1382.5 | 3773.7 | 478.7 | 363.9 | 133.3 | 181.7 | 1196.8 | 0.0 | 859.5 |
| TTFT p99 (ms) | 20130.1 | 4187.4 | 30871.8 | 940.4 | 1796.1 | 208.3 | 2147.6 | 10400.2 | 0.0 | 1833.7 |
| Throughput avg (tok/s) | 0.4 | 16.6 | 2.4 | 13.0 | 16.7 | 18.5 | 10.6 | 3.2 | 0.0 | 76.4 |
| Output throughput (tok/s) | 2.9 | 71.1 | 4.3 | 117.7 | 113.1 | 145.5 | 77.3 | 23.6 | 0.0 | 228.2 |
| Input throughput (tok/s) | N/A | 1492.5 | N/A | 2437.9 | 2456.3 | 3159.7 | 1655.7 | 145.4 | 0.0 | 4952.5 |
| Total token throughput (tok/s) | N/A | 1563.6 | N/A | 2555.6 | 2569.3 | 3305.2 | 1733.0 | 169.0 | 0.0 | 5180.7 |
| ITL avg (ms) | 2481.6 | 72.3 | 590.7 | 64.5 | 63.3 | 52.1 | 95.9 | 321.7 | 0.0 | 14.6 |
| ITL p50 (ms) | 2476.9 | 71.7 | 428.6 | 63.2 | 62.6 | 52.1 | 90.9 | 320.2 | 0.0 | 11.9 |
| Latency avg (s) | 98.63 | 5.29 | 85.11 | 1.87 | 3.19 | 2.44 | 4.74 | 53.10 | 0.00 | 1.58 |
| Latency p99 (s) | 285.03 | 24.63 | 296.30 | 4.01 | 14.31 | 13.23 | 21.69 | 95.59 | 0.00 | 3.63 |
| Wall time (s) | 1272.7 | 66.8 | 1843.6 | 11.2 | 40.6 | 31.5 | 60.2 | 677.4 | 0.0 | 20.1 |

## Concurrency: 16

| Metric | inferrs | mlx_lm | mistralrs | vllm_mlx | omlx | vllm_metal | sglang | ollama | hf_transformers | llamacpp |
|--------|--------|--------|--------|--------|--------|--------|--------|--------|--------|--------|
| Successful / Failed | 14 / 86 | 100 / 0 | CRASHED | CRASHED | 100 / 0 | 100 / 0 | 100 / 0 | 100 / 0 | SKIPPED (PREVIOUS LEVEL TOO SLOW) | 100 / 0 |
| TTFT avg (ms) | 132548.5 | 3118.4 | 0.0 | 0.0 | 3236.8 | 188.1 | 803.2 | 4667.6 | 0.0 | 2230.2 |
| TTFT p50 (ms) | 181919.0 | 2014.3 | 0.0 | 0.0 | 3366.2 | 183.1 | 511.9 | 2809.1 | 0.0 | 2301.2 |
| TTFT p99 (ms) | 269898.1 | 8945.8 | 0.0 | 0.0 | 4907.0 | 283.1 | 3163.4 | 14617.5 | 0.0 | 4101.3 |
| Throughput avg (tok/s) | 0.1 | 5.8 | 0.0 | 0.0 | 16.8 | 13.4 | 5.4 | 1.7 | 0.0 | 79.6 |
| Output throughput (tok/s) | 0.1 | 59.5 | 0.0 | 0.0 | 115.7 | 190.8 | 78.7 | 24.0 | 0.0 | 240.6 |
| Input throughput (tok/s) | N/A | 1292.1 | 0.0 | 0.0 | 2571.5 | 4127.4 | 1681.9 | 147.9 | 0.0 | 5219.0 |
| Total token throughput (tok/s) | N/A | 1351.6 | 0.0 | 0.0 | 2687.2 | 4318.3 | 1760.6 | 171.9 | 0.0 | 5459.6 |
| ITL avg (ms) | 7960.8 | 227.7 | 0.0 | 0.0 | 62.2 | 71.7 | 189.6 | 624.4 | 0.0 | 14.0 |
| ITL p50 (ms) | 8300.8 | 222.1 | 0.0 | 0.0 | 58.4 | 72.4 | 186.9 | 640.6 | 0.0 | 11.3 |
| Latency avg (s) | 215.89 | 12.00 | 0.00 | 0.00 | 5.88 | 3.33 | 8.97 | 101.53 | 0.00 | 2.88 |
| Latency p99 (s) | 300.84 | 36.25 | 0.00 | 0.00 | 17.93 | 12.89 | 27.21 | 183.84 | 0.00 | 5.09 |
| Wall time (s) | 1976.7 | 77.1 | 0.0 | 0.0 | 38.8 | 24.1 | 59.3 | 666.0 | 0.0 | 19.1 |

## Total Benchmark Duration

| Framework | inferrs | mlx_lm | mistralrs | vllm_mlx | omlx | vllm_metal | sglang | ollama | hf_transformers | llamacpp |
|-----------|--------|--------|--------|--------|--------|--------|--------|--------|--------|--------|
| Duration | 83.4m | 3.6m | 36.8m | 58.3s | 2.4m | 2.6m | 3.0m | 35.6m | 257.7m | 1.5m |


=========================================
 AppleBench complete!
=========================================
@@@ RUN CHAT DONE exit=0 2026-05-19T06:48:36Z
@@@ RUN AGENT START 2026-05-19T06:48:36Z
=== AppleBench Environment Check ===

Platform:
  [ok]   Apple Silicon (arm64)
  [ok]   Xcode Command Line Tools

Required tools:
  [ok]   uv
  [ok]   cmake
  [warn] cargo not found (mistral.rs already built)
         curl --proto '=https' --tlsv1.2 -sSf https://sh.rustup.rs | sh
  [ok]   huggingface-cli (hf)

Python:
  [ok]   Python 3.12 (/Users/haorzhang/.local/share/uv/python/cpython-3.12-macos-aarch64-none/bin/python3.12)

Frameworks (run install scripts if missing):
  [ok]   llama.cpp
  [ok]   mlx_lm
  [ok]   mistral.rs
  [ok]   vllm-metal
  [ok]   omlx
  [ok]   ollama
  [ok]   inferrs
  [ok]   vllm-mlx
  [ok]   hf_transformers
  [ok]   sglang

Models (run scripts/download_model.sh if missing):
  [ok]   GGUF: Qwen3-0.6B-BF16.gguf
  [ok]   MLX: Qwen3-0.6B-bf16-mlx
  [ok]   HF: Qwen3-0.6B

Benchmark:
  [ok]   bench venv

===========================================
 All prerequisites met, 1 warning(s)
===========================================

=========================================
 AppleBench — Full Benchmark Run
 Model: Qwen3-0.6B
 Split: agent
 Output: /Users/haorzhang/applebench/results/Qwen3-0.6B/agent
 Skip-existing: true
 Tue May 19 01:48:36 CDT 2026
=========================================

Resume mode — keeping existing results.
  Cleaning up all inference processes...
===========================================
 Benchmarking: llamacpp (port 8001)
===========================================
Starting llamacpp server...
=== Starting llama.cpp server on port 8001 ===
PID: 23586
Waiting for server to be ready...
llama.cpp server is ready on port 8001

Framework: llamacpp
Model: Qwen3-0.6B-BF16.gguf
Endpoint: http://localhost:8001

--- Concurrency: 1 ---
  Warming up (3 requests)...
  Running 100 requests at concurrency 1...
  ⚠ WARNING: 21/100 requests had server completion_tokens diverging >5% from SSE chunk count (avg ratio 1.07x). Framework may be bundling multiple tokens per chunk — per-request throughput_avg_tps and itl_avg_ms are chunk-based and therefore suspect.
  TTFT avg: 883.6ms | Throughput avg: 143.9 tok/s | Output: 46.5 tok/s | ITL avg: 6.8ms | Wall: 127.9s

--- Concurrency: 8 ---
  Warming up (3 requests)...
  Running 100 requests at concurrency 8...
  ⚠ WARNING: 20/100 requests had server completion_tokens diverging >5% from SSE chunk count (avg ratio 1.07x). Framework may be bundling multiple tokens per chunk — per-request throughput_avg_tps and itl_avg_ms are chunk-based and therefore suspect.
  TTFT avg: 5147.2ms | Throughput avg: 33.8 tok/s | Output: 56.8 tok/s | ITL avg: 55.1ms | Wall: 105.3s

--- Concurrency: 16 ---
  Warming up (3 requests)...
  Running 100 requests at concurrency 16...
  ⚠ WARNING: 21/100 requests had server completion_tokens diverging >5% from SSE chunk count (avg ratio 1.07x). Framework may be bundling multiple tokens per chunk — per-request throughput_avg_tps and itl_avg_ms are chunk-based and therefore suspect.
  TTFT avg: 13029.9ms | Throughput avg: 32.2 tok/s | Output: 57.2 tok/s | ITL avg: 50.6ms | Wall: 104.2s

Total benchmark duration: 350.0s
Results saved to: /Users/haorzhang/applebench/results/Qwen3-0.6B/agent/llamacpp_20260519_014843.json
Outputs saved to: /Users/haorzhang/applebench/results/Qwen3-0.6B/agent/llamacpp_20260519_014843_outputs.jsonl (300 records)

Stopping llamacpp server...
llama.cpp server (PID 23586) stopped
  Cleaning up all inference processes...
Cooling down for 60s...

===========================================
 Benchmarking: mlx_lm (port 8002)
===========================================
Starting mlx_lm server...
=== Starting mlx_lm server on port 8002 ===
PID: 24905
Waiting for server to be ready...
mlx_lm server is ready on port 8002

Framework: mlx_lm
Model: /Users/haorzhang/applebench/.models/Qwen3-0.6B-bf16-mlx
Endpoint: http://localhost:8002

--- Concurrency: 1 ---
  Warming up (3 requests)...
  Warmup error: silent failure: server returned OK but generated only 0 token(s) for prompt 'a000_vlong_bfcl_v3' (requested max_tokens=256)
  Warmup error: silent failure: server returned OK but generated only 0 token(s) for prompt 'a002_vlong_bfcl_v3' (requested max_tokens=256)
  Running 100 requests at concurrency 1...
  30/100 requests FAILED
    > silent failure: server returned OK but generated only 0 token(s) for prompt 'a000_vlong_bfcl_v3' (requested max_tokens=256)
    > silent failure: server returned OK but generated only 0 token(s) for prompt 'a002_vlong_bfcl_v3' (requested max_tokens=256)
    > silent failure: server returned OK but generated only 0 token(s) for prompt 'a006_vlong_bfcl_v3' (requested max_tokens=256)
  ⚠ WARNING: 21/70 requests had server completion_tokens diverging >5% from SSE chunk count (avg ratio 1.08x). Framework may be bundling multiple tokens per chunk — per-request throughput_avg_tps and itl_avg_ms are chunk-based and therefore suspect.
  TTFT avg: 776.5ms | Throughput avg: 119.3 tok/s | Output: 30.1 tok/s | ITL avg: 8.0ms | Wall: 162.2s | FAILED: 30

--- Concurrency: 8 ---
  Warming up (3 requests)...
  Warmup error: silent failure: server returned OK but generated only 0 token(s) for prompt 'a000_vlong_bfcl_v3' (requested max_tokens=256)
  Warmup error: silent failure: server returned OK but generated only 0 token(s) for prompt 'a002_vlong_bfcl_v3' (requested max_tokens=256)
  Running 100 requests at concurrency 8...
  30/100 requests FAILED
    > silent failure: server returned OK but generated only 0 token(s) for prompt 'a000_vlong_bfcl_v3' (requested max_tokens=256)
    > silent failure: server returned OK but generated only 0 token(s) for prompt 'a002_vlong_bfcl_v3' (requested max_tokens=256)
    > silent failure: server returned OK but generated only 0 token(s) for prompt 'a006_vlong_bfcl_v3' (requested max_tokens=256)
  ⚠ WARNING: 17/70 requests had server completion_tokens diverging >5% from SSE chunk count (avg ratio 1.08x). Framework may be bundling multiple tokens per chunk — per-request throughput_avg_tps and itl_avg_ms are chunk-based and therefore suspect.
  TTFT avg: 2963.5ms | Throughput avg: 9.4 tok/s | Output: 27.1 tok/s | ITL avg: 161.0ms | Wall: 190.3s | FAILED: 30

--- Concurrency: 16 ---
  Warming up (3 requests)...
  Warmup error: silent failure: server returned OK but generated only 0 token(s) for prompt 'a000_vlong_bfcl_v3' (requested max_tokens=256)
  Warmup error: silent failure: server returned OK but generated only 0 token(s) for prompt 'a002_vlong_bfcl_v3' (requested max_tokens=256)
  Running 100 requests at concurrency 16...
  90/100 requests FAILED
    > silent failure: server returned OK but generated only 0 token(s) for prompt 'a000_vlong_bfcl_v3' (requested max_tokens=256)
    > silent failure: server returned OK but generated only 0 token(s) for prompt 'a002_vlong_bfcl_v3' (requested max_tokens=256)
    > silent failure: server returned OK but generated only 0 token(s) for prompt 'a006_vlong_bfcl_v3' (requested max_tokens=256)
  ⚠ WARNING: avg tokens/request (16) is far below expected (max_tokens avg=256). Possible silent failures.
  ⚠ WARNING: server did not report token usage for 9/10 requests (missing `usage.completion_tokens`). Output counts fell back to SSE chunk count, which may undercount if the framework bundles multiple tokens per chunk. Framework should honor `stream_options.include_usage=true`.
  TTFT avg: 27618.6ms | Throughput avg: 2.2 tok/s | Output: 4.2 tok/s | ITL avg: 667.6ms | Wall: 39.5s | FAILED: 90

Total benchmark duration: 408.7s
Results saved to: /Users/haorzhang/applebench/results/Qwen3-0.6B/agent/mlx_lm_20260519_015543.json
Outputs saved to: /Users/haorzhang/applebench/results/Qwen3-0.6B/agent/mlx_lm_20260519_015543_outputs.jsonl (150 records)

Stopping mlx_lm server...
mlx_lm server (PID 24905) was not running
  Cleaning up all inference processes...
Cooling down for 60s...

===========================================
 Benchmarking: vllm_metal (port 8004)
===========================================
Starting vllm_metal server...
=== Starting vllm-metal server on port 8004 ===
PID: 26376
Waiting for server to be ready...
vllm-metal server is ready on port 8004

Framework: vllm_metal
Model: /Users/haorzhang/applebench/.models/Qwen3-0.6B
Endpoint: http://localhost:8004

--- Concurrency: 1 ---
  Warming up (3 requests)...
  Running 100 requests at concurrency 1...
  ⚠ WARNING: 19/100 requests had server completion_tokens diverging >5% from SSE chunk count (avg ratio 1.07x). Framework may be bundling multiple tokens per chunk — per-request throughput_avg_tps and itl_avg_ms are chunk-based and therefore suspect.
  TTFT avg: 945.3ms | Throughput avg: 37.0 tok/s | Output: 22.4 tok/s | ITL avg: 29.7ms | Wall: 269.9s

--- Concurrency: 8 ---
  Warming up (3 requests)...
  Running 100 requests at concurrency 8...
  ⚠ WARNING: 21/100 requests had server completion_tokens diverging >5% from SSE chunk count (avg ratio 1.07x). Framework may be bundling multiple tokens per chunk — per-request throughput_avg_tps and itl_avg_ms are chunk-based and therefore suspect.
  TTFT avg: 698.1ms | Throughput avg: 7.8 tok/s | Output: 54.8 tok/s | ITL avg: 135.2ms | Wall: 107.2s

--- Concurrency: 16 ---
  Warming up (3 requests)...
  Running 100 requests at concurrency 16...
  ⚠ WARNING: 20/100 requests had server completion_tokens diverging >5% from SSE chunk count (avg ratio 1.07x). Framework may be bundling multiple tokens per chunk — per-request throughput_avg_tps and itl_avg_ms are chunk-based and therefore suspect.
  TTFT avg: 867.2ms | Throughput avg: 5.4 tok/s | Output: 73.8 tok/s | ITL avg: 194.1ms | Wall: 80.4s

Total benchmark duration: 479.2s
Results saved to: /Users/haorzhang/applebench/results/Qwen3-0.6B/agent/vllm_metal_20260519_020353.json
Outputs saved to: /Users/haorzhang/applebench/results/Qwen3-0.6B/agent/vllm_metal_20260519_020353_outputs.jsonl (300 records)

Stopping vllm_metal server...
vllm-metal server (PID 26376) stopped
  Cleaning up all inference processes...
Cooling down for 60s...

===========================================
 Benchmarking: omlx (port 8005)
===========================================
Starting omlx server...
omlx model dir reset to single entry: Qwen3-0.6B-bf16-mlx -> /Users/haorzhang/applebench/.models/Qwen3-0.6B-bf16-mlx
=== Starting omlx server on port 8005 ===
PID: 28070
Waiting for server to be ready...
omlx server is ready on port 8005

Framework: omlx
Model: Qwen3-0.6B-bf16-mlx
Endpoint: http://localhost:8005

--- Concurrency: 1 ---
  Warming up (3 requests)...
  Running 100 requests at concurrency 1...
  ⚠ WARNING: 7/100 requests had server completion_tokens diverging >5% from SSE chunk count (avg ratio 1.08x). Framework may be bundling multiple tokens per chunk — per-request throughput_avg_tps and itl_avg_ms are chunk-based and therefore suspect.
  TTFT avg: 795.7ms | Throughput avg: 131.3 tok/s | Output: 49.8 tok/s | ITL avg: 6.7ms | Wall: 122.9s

--- Concurrency: 8 ---
  Warming up (3 requests)...
  Running 100 requests at concurrency 8...
  ⚠ WARNING: 7/100 requests had server completion_tokens diverging >5% from SSE chunk count (avg ratio 1.08x). Framework may be bundling multiple tokens per chunk — per-request throughput_avg_tps and itl_avg_ms are chunk-based and therefore suspect.
  TTFT avg: 823.7ms | Throughput avg: 11.4 tok/s | Output: 74.9 tok/s | ITL avg: 96.5ms | Wall: 76.0s

--- Concurrency: 16 ---
  Warming up (3 requests)...
  Running 100 requests at concurrency 16...
  ⚠ WARNING: 5/100 requests had server completion_tokens diverging >5% from SSE chunk count (avg ratio 1.08x). Framework may be bundling multiple tokens per chunk — per-request throughput_avg_tps and itl_avg_ms are chunk-based and therefore suspect.
  TTFT avg: 6124.9ms | Throughput avg: 12.1 tok/s | Output: 81.4 tok/s | ITL avg: 91.2ms | Wall: 72.3s

Total benchmark duration: 282.4s
Results saved to: /Users/haorzhang/applebench/results/Qwen3-0.6B/agent/omlx_20260519_021302.json
Outputs saved to: /Users/haorzhang/applebench/results/Qwen3-0.6B/agent/omlx_20260519_021302_outputs.jsonl (300 records)

Stopping omlx server...
omlx server (PID 28070) stopped
  Cleaning up all inference processes...
Cooling down for 60s...

===========================================
 Collecting results and generating report
===========================================
Comparison saved to: /Users/haorzhang/applebench/results/Qwen3-0.6B/agent/comparison.json
Frameworks: omlx, mlx_lm, vllm_metal, vllm_mlx, sglang, llamacpp, ollama, inferrs, mistralrs
Report saved to: /Users/haorzhang/applebench/results/Qwen3-0.6B/agent/REPORT.md

# AppleBench Results — Qwen3-0.6B (agent)

**Model:** Qwen3-0.6B
**Split:** agent
**Generated:** 2026-05-19 02:18:51

## Concurrency: 1

| Metric | omlx | mlx_lm | vllm_metal | vllm_mlx | sglang | llamacpp | ollama | inferrs | mistralrs |
|--------|--------|--------|--------|--------|--------|--------|--------|--------|--------|
| Successful / Failed | 100 / 0 | 70 / 30 | 100 / 0 | 100 / 0 | 100 / 0 | 100 / 0 | 100 / 0 | 100 / 0 | 100 / 0 |
| TTFT avg (ms) | 795.7 | 776.5 | 945.3 | 897.5 | 1168.1 | 883.6 | 74.9 | 11964.0 | 1620.8 |
| TTFT p50 (ms) | 590.2 | 628.5 | 560.2 | 580.6 | 883.7 | 628.2 | 72.7 | 8584.7 | 1173.0 |
| TTFT p99 (ms) | 2974.9 | 2588.8 | 4937.3 | 3443.6 | 3053.4 | 3406.5 | 106.0 | 32621.5 | 5718.4 |
| Throughput avg (tok/s) | 131.3 | 119.3 | 37.0 | 74.3 | 116.0 | 143.9 | 156.7 | 2.1 | 45.0 |
| Output throughput (tok/s) | 49.8 | 30.1 | 22.4 | 42.8 | 36.5 | 46.5 | 150.3 | 1.3 | 34.7 |
| Input throughput (tok/s) | 3473.2 | 1391.1 | 1580.9 | 3428.3 | 2559.8 | 3336.6 | N/A | N/A | N/A |
| Total token throughput (tok/s) | 3523.0 | 1421.2 | 1603.3 | 3471.1 | 2596.3 | 3383.1 | N/A | N/A | N/A |
| ITL avg (ms) | 6.7 | 8.0 | 29.7 | 13.7 | 8.5 | 6.8 | 6.4 | 581.0 | 22.3 |
| ITL p50 (ms) | 6.6 | 7.9 | 27.8 | 13.3 | 8.3 | 6.7 | 6.4 | 504.0 | 21.9 |
| Latency avg (s) | 1.23 | 1.34 | 2.70 | 1.25 | 1.67 | 1.28 | 1.68 | 45.84 | 7.00 |
| Latency p99 (s) | 3.44 | 3.98 | 12.04 | 3.55 | 4.07 | 3.65 | 1.98 | 213.12 | 11.83 |
| Wall time (s) | 122.9 | 162.2 | 269.9 | 124.6 | 166.7 | 127.9 | 167.5 | 4584.4 | 700.3 |

## Concurrency: 8

| Metric | omlx | mlx_lm | vllm_metal | vllm_mlx | sglang | llamacpp | ollama | inferrs | mistralrs |
|--------|--------|--------|--------|--------|--------|--------|--------|--------|--------|
| Successful / Failed | 100 / 0 | 70 / 30 | 100 / 0 | 9 / 91 | 23 / 77 | 100 / 0 | 100 / 0 | SKIPPED (PREVIOUS LEVEL TOO SLOW) | 11 / 89 |
| TTFT avg (ms) | 823.7 | 2963.5 | 698.1 | 3647.9 | 3367.6 | 5147.2 | 131.5 | 0.0 | 29383.0 |
| TTFT p50 (ms) | 732.1 | 2585.7 | 612.5 | 4655.4 | 2480.5 | 4786.1 | 130.0 | 0.0 | 12473.0 |
| TTFT p99 (ms) | 2902.4 | 9303.6 | 1762.6 | 4901.3 | 10193.3 | 11452.5 | 168.7 | 0.0 | 111676.8 |
| Throughput avg (tok/s) | 11.4 | 9.4 | 7.8 | 4.5 | 3.0 | 33.8 | 32.9 | 0.0 | 1.5 |
| Output throughput (tok/s) | 74.9 | 27.1 | 54.8 | 18.3 | 12.2 | 56.8 | 249.5 | 0.0 | 4.1 |
| Input throughput (tok/s) | 5617.9 | 1185.9 | 3981.0 | 2173.6 | 1778.0 | 4053.7 | N/A | 0.0 | N/A |
| Total token throughput (tok/s) | 5692.9 | 1213.1 | 4035.8 | 2191.9 | 1790.1 | 4110.5 | N/A | 0.0 | N/A |
| ITL avg (ms) | 96.5 | 161.0 | 135.2 | 230.7 | 343.6 | 55.1 | 30.9 | 0.0 | 10046.9 |
| ITL p50 (ms) | 92.1 | 145.5 | 128.3 | 197.4 | 336.8 | 43.7 | 31.4 | 0.0 | 589.9 |
| Latency avg (s) | 5.97 | 15.41 | 8.18 | 7.99 | 15.89 | 8.38 | 7.95 | 0.00 | 167.02 |
| Latency p99 (s) | 25.54 | 59.60 | 35.64 | 13.15 | 35.34 | 28.29 | 8.20 | 0.00 | 299.51 |
| Wall time (s) | 76.0 | 190.3 | 107.2 | 18.0 | 69.7 | 105.3 | 101.7 | 0.0 | 484.2 |

## Concurrency: 16

| Metric | omlx | mlx_lm | vllm_metal | vllm_mlx | sglang | llamacpp | ollama | inferrs | mistralrs |
|--------|--------|--------|--------|--------|--------|--------|--------|--------|--------|
| Successful / Failed | 100 / 0 | 10 / 90 | 100 / 0 | CRASHED | CRASHED | 100 / 0 | 100 / 0 | SKIPPED (PREVIOUS LEVEL TOO SLOW) | CRASHED |
| TTFT avg (ms) | 6124.9 | 27618.6 | 867.2 | 0.0 | 0.0 | 13029.9 | 185.5 | 0.0 | 0.0 |
| TTFT p50 (ms) | 6266.5 | 33825.2 | 735.7 | 0.0 | 0.0 | 13429.7 | 187.6 | 0.0 | 0.0 |
| TTFT p99 (ms) | 8866.9 | 36458.9 | 2942.8 | 0.0 | 0.0 | 20194.0 | 268.9 | 0.0 | 0.0 |
| Throughput avg (tok/s) | 12.1 | 2.2 | 5.4 | 0.0 | 0.0 | 32.2 | 36.6 | 0.0 | 0.0 |
| Output throughput (tok/s) | 81.4 | 4.2 | 73.8 | 0.0 | 0.0 | 57.2 | 530.6 | 0.0 | 0.0 |
| Input throughput (tok/s) | 5898.5 | N/A | 5306.4 | 0.0 | 0.0 | 4096.2 | N/A | 0.0 | 0.0 |
| Total token throughput (tok/s) | 5979.8 | N/A | 5380.2 | 0.0 | 0.0 | 4153.4 | N/A | 0.0 | 0.0 |
| ITL avg (ms) | 91.2 | 667.6 | 194.1 | 0.0 | 0.0 | 50.6 | 27.5 | 0.0 | 0.0 |
| ITL p50 (ms) | 83.6 | 698.3 | 192.8 | 0.0 | 0.0 | 46.2 | 27.9 | 0.0 | 0.0 |
| Latency avg (s) | 11.08 | 39.36 | 11.42 | 0.00 | 0.00 | 16.10 | 7.09 | 0.00 | 0.00 |
| Latency p99 (s) | 29.56 | 39.45 | 51.55 | 0.00 | 0.00 | 32.02 | 7.51 | 0.00 | 0.00 |
| Wall time (s) | 72.3 | 39.5 | 80.4 | 0.0 | 0.0 | 104.2 | 47.4 | 0.0 | 0.0 |

## Total Benchmark Duration

| Framework | omlx | mlx_lm | vllm_metal | vllm_mlx | sglang | llamacpp | ollama | inferrs | mistralrs |
|-----------|--------|--------|--------|--------|--------|--------|--------|--------|--------|
| Duration | 4.7m | 6.8m | 8.0m | 2.5m | 4.1m | 5.8m | 5.6m | 78.9m | 20.5m |


=========================================
 AppleBench complete!
=========================================
@@@ RUN AGENT DONE exit=0 2026-05-19T07:18:51Z
@@@ ALL RUNS FINISHED 2026-05-19T07:18:51Z
